FSA,WtdEmploymentIncome,WtdPensionIncome,WtdInvestmentIncome,WtdSelfEmpIncome,WtdBenefitIncome,WtdOtherIncome
K0A,1180583638,174107115,67101015,9991241,19249315,41094462
K0B,131846461,35705964,12872775,1741128,7779233,5982520
K0C,374023803,91756996,25979482,3541081,16401083,15257693
K0E,261467549,78028866,15588684,2235807,12750040,14100813
K0G,288977631,93333286,18809557,2755332,8808412,15779711
K0H,304075845,107237619,22529494,3364070,12613440,19838748
K0J,188624047,86600163,11618204,1992240,12297325,10542080
K0K,654766806,252572233,44809753,8655990,36923489,50143254
K0L,381078340,174349614,35885881,5029055,26837196,33571126
K0M,232784445,147685076,28888684,4367693,15643297,25542104
K1A,3349385,0,64615,0,0,34385
K1B,150704904,25961732,5360697,850144,4984797,7092282
K1C,367994311,101240351,21333425,2522390,5493354,15834383
K1E,140015691,42756075,4744629,537300,2525628,5220937
K1G,288754937,43620464,17565931,2351378,10316459,17904071
K1H,158241091,34478227,27047386,2837926,2536083,9599250
K1J,232431548,47074937,19315960,1940362,7508446,12980030
K1K,218126247,49801645,10506689,1892504,15177683,14678015
K1L,122626121,22638106,6595905,1060234,8956526,7018667
K1M,111522802,21851365,49164170,2210759,290511,4666033
K1N,259999943,26333359,18105012,1613331,7705869,12099246
K1P,93732117,616409,11325810,171328,46131,538336
K1R,269567803,11316710,8284605,1800025,6709316,7107454
K1S,446434859,46351869,72551554,8867982,2386811,17591594
K1T,381707760,23312269,12081997,2981993,10981417,20344855
K1V,501969782,64753800,29115141,3931970,16334750,26760307
K1W,188893557,11358414,9059084,1264621,1838937,5843460
K1X,57281271,1088805,1904129,269479,712393,1657482
K1Y,319727284,25668314,28752473,3618720,2992094,9427061
K1Z,237989648,21526281,13839692,1910378,8486206,9395759
K2A,191480551,39541437,42489944,3094397,1964221,10791608
K2B,239306780,42659360,12306115,1711379,12581511,13967118
K2C,287549676,31540189,17249313,1936629,6556500,11564679
K2E,158167674,35855346,14240956,1273722,5045063,8519146
K2G,550337845,54681524,33597863,4217517,9103489,23976242
K2H,248625969,55228939,26146405,1947747,4561336,13111469
K2J,1043119298,46967764,30645233,5517053,12543206,36087741
K2K,283697141,42587779,31535743,1576448,2589768,13677277
K2L,196672208,28895440,6741376,876498,3868661,7665976
K2M,430318630,21720669,13601438,1854198,3902566,13073512
K2P,290244936,14004524,13243818,1854237,4634955,6374380
K2R,15926328,2589328,9097852,547533,75869,1007965
K2S,551698509,43572430,25917416,3155497,4005835,17688460
K2T,184058554,5397761,10997495,808056,948163,5126522
K2V,126659956,2109867,2532829,647957,1385198,3331975
K2W,148190387,4040645,9561367,638528,775919,4704378
K4A,838338659,64333697,19236345,3850631,9634440,25341505
K4B,49926233,9293348,5267105,669759,681192,1655568
K4C,46738748,10713494,8610596,750421,578229,2299834
K4K,158260508,34712590,5647546,769352,3668534,5267071
K4M,187163650,24330782,31743623,2086130,1151881,8926353
K4P,147069494,15661304,12446416,829809,1191087,4645651
K4R,105422656,13835781,3699351,522602,1216999,2734864
K6A,53957761,28924452,4690439,335609,9401543,3757215
K6H,150571027,55185018,6608292,487157,18431039,10659012
K6J,90134349,30047295,2673069,318740,10229485,5376931
K6K,24793308,6211813,1187523,93129,1178602,1071387
K6T,6123771,1316200,84419,54743,132800,255390
K6V,153819047,70517126,13029485,948275,10733678,12505664
K7A,107795483,34468606,2832561,470898,7499980,5897180
K7C,184424000,35463437,8016626,1391509,4414055,7664196
K7G,52968488,23322760,8053265,518955,2404227,3875292
K7H,99879201,51549053,10764191,917450,4023439,6573198
K7K,230441083,33961647,8191870,1716351,15689184,12377733
K7L,124143798,46437959,35712624,2610447,2630061,9898713
K7M,330081229,99973385,23373133,2631111,13813050,20037285
K7N,75114307,12541081,1123304,220248,2748962,2338012
K7P,246900349,37579955,12503065,2099002,4663397,9974082
K7R,86440336,33356838,4383621,540284,6023383,4893643
K7S,97201620,31717592,4678655,563873,4375184,5178601
K7V,75923048,31645259,3992542,575133,6331415,4310665
K8A,170391056,53785378,8008491,1124110,10902320,8264746
K8B,6260870,688522,184449,21710,42783,136464
K8H,229228671,12820545,1226799,378426,2100439,4011699
K8N,199577310,66009835,15715225,1950360,10686641,12267741
K8P,123026385,34818427,4276957,752536,12376710,7717173
K8R,16010853,3620000,497098,33357,447098,640699
K8V,188543466,53062371,5059049,728431,11792648,8713163
K9A,155033648,79206303,18416086,1495482,6858451,14917577
K9H,144316575,46636531,9675053,1392117,13411275,11901767
K9J,257980773,72843588,19488421,2237354,18673417,18415909
K9K,103115085,29912291,8626168,878971,2649671,6094983
K9L,55589288,15569102,3756580,416104,1874211,3586290
K9V,142351822,64933946,10914596,1119072,11737965,12051564
L0A,132212583,20918394,7583521,1282447,3156202,11043319
L0B,145307022,23284945,11437953,1692091,3494208,10978678
L0C,88936310,12698931,6362902,1044829,2037143,5092225
L0E,153376389,25468120,7968110,1552615,8134245,10006440
L0G,461873623,38488797,42049568,4192002,10067445,23191737
L0H,15302018,2178943,2564600,424039,307193,1088393
L0J,92448320,2828389,29160365,1144442,438220,4983537
L0K,237677094,71103224,15918462,2490971,12547466,16688422
L0L,360034500,56830896,32677638,4625518,9538183,21078154
L0M,341534693,32925698,10970803,2303862,10860637,13323006
L0N,25824591,2987019,2865153,308000,525094,1989719
L0P,87023379,9644428,23826402,1708883,970594,5473809
L0R,832477352,103011765,57519056,8192396,17651170,39930215
L0S,370883757,157889739,73855557,5474676,12009258,36171148
L1A,102359122,38873465,7564615,837590,4314826,9173134
L1B,101519783,30955731,5612824,683971,2543471,9125155
L1C,502660796,37462332,9919650,2300178,13962584,31721286
L1E,333209573,23856285,6809699,1438392,6740825,20069780
L1G,267520031,68534220,9407991,1540794,16682014,26897251
L1H,196693828,33839880,3428642,1088744,18358387,19763290
L1J,284510613,44009447,5070983,1233476,21767819,26451504
L1K,428741799,27665891,7559349,2302628,11224779,28202488
L1L,113286466,1806954,1714656,860372,3748643,9091007
L1M,341177194,11531862,10149538,2024017,2780782,12112318
L1N,455970450,68932663,17806748,2640403,13118922,28756788
L1P,244535959,8927237,6608761,1642705,4751068,14345122
L1R,506314965,27838976,17869253,2762140,8744320,27440925
L1S,371421952,43431795,8007921,1892147,13285742,22821218
L1T,542800445,20190426,12259392,3087938,15528591,36303138
L1V,546874961,50110186,22817127,3445271,12704158,34060149
L1W,183239660,21578459,9596895,1501772,4384438,12003684
L1X,246312110,10584852,9027967,1518365,6388357,16504497
L1Y,20929902,2424067,3931464,435168,363637,1462190
L1Z,354408877,4839577,7557547,2071064,8528170,19843776
L2A,86461045,29615224,3986992,479319,8879418,6582787
L2E,80347006,22519620,2854021,526133,17142768,8797798
L2G,148780719,34211633,5295904,876204,24437583,14640675
L2H,208109690,25205256,8750426,1736595,16310197,16541369
L2J,86855082,31321746,7666147,597361,6964790,7716991
L2M,187988363,54426963,7078127,1119492,16190287,13708079
L2N,178587656,76381824,19847330,1639520,9720007,13584976
L2P,93790355,15220157,1563182,327413,8751492,6729418
L2R,149850406,23641280,8631079,1451004,16219382,11296156
L2S,137571195,21823385,6530589,1105887,7867949,10356998
L2T,66560290,19608718,7787859,782027,3523250,5955966
L2V,131221815,16827436,2700531,661556,9978047,8140697
L2W,16692457,2016903,2967085,190452,575630,1413044
L3B,120706509,33380812,3804138,582157,16851237,8664577
L3C,210105685,61400524,7807954,909307,13219658,14275522
L3K,104899906,37951379,6268508,572404,8970939,6903855
L3L,9518589,488476,3326250,131742,61371,952089
L3M,272132753,44352176,19949835,2453922,5305176,13141927
L3P,319827662,43497877,45486034,4021718,7317003,25098184
L3R,433066052,47904362,100936360,7189554,14566483,50094502
L3S,366565669,17639636,18573191,3516507,21143269,45618093
L3T,397948784,52428088,99823656,8528347,10537074,40537122
L3V,269324819,88164209,19719163,2530365,20918328,19782402
L3X,533125249,14347635,22566172,5363044,10635633,31125304
L3Y,361042450,53729787,22327207,3559290,13466390,23667247
L3Z,376834898,17132266,13174742,3033068,13867633,20177630
L4A,483154271,40123850,57891527,5266573,9082181,30914117
L4B,333304031,21099790,86922837,6699989,7081015,28844568
L4C,557903370,54695135,83265837,11201833,21152547,55621862
L4E,574680506,10894043,46481299,9020267,9810251,39517842
L4G,730313343,39524321,88602853,7412602,10589957,46263138
L4H,892261417,15183630,46907659,7081295,22129040,43215601
L4J,685976138,53856574,143189337,17634553,13986838,61671645
L4K,182335328,9729333,17836380,1914445,5695315,10908770
L4L,519358139,65728888,92596152,4189195,17406139,32282989
L4M,388529293,40009072,17480051,3717415,17289348,23276392
L4N,893581276,82426173,25684953,6767545,34909927,45683462
L4P,277306671,18780349,5295380,1959435,11076133,13853445
L4R,94698737,39820613,6890360,787336,9221589,7757208
L4S,333637531,8506724,30234356,4673340,7181267,25608168
L4T,280811292,10608770,3274031,1455779,19311294,21289523
L4V,2768444,85111,2128333,0,0,0
L4W,173217622,29200659,16012727,1766315,5293135,11351798
L4X,133305617,10638212,4920475,1325024,8312644,10027304
L4Y,183394667,26072474,9477217,1446680,7961060,12472412
L4Z,359086125,15662962,12534404,2393674,13639346,19611636
L5A,354123914,29550922,8727344,2561375,21767997,22996709
L5B,570952484,28635567,23556939,4009793,21791967,31412947
L5C,247740218,22733553,14806049,2262131,9665901,17136134
L5E,120060261,14832354,7996610,1165353,3294856,7045305
L5G,256852003,21180764,43609582,4718647,4070797,15801859
L5H,240432340,18981227,62620624,4692185,1702893,16494729
L5J,320477492,29151577,28662431,3238156,6364274,16766722
L5K,129117300,11900413,8497793,1666822,3778071,8296757
L5L,395991297,49740193,36960038,3576304,11004352,27103283
L5M,1113959507,35492042,67276670,8985602,22661426,66231671
L5N,1018038308,37172579,24546316,4799456,21323546,44594754
L5P,496000,0,0,0,0,0
L5R,327864195,21035693,14829086,2262521,12526050,21200407
L5S,2238667,90061,749636,39000,29455,96909
L5T,3191510,99286,1202510,48571,23755,374898
L5V,504065689,12979526,18154985,2919493,16252820,30904725
L5W,302407835,3176750,9620901,1864671,6391713,15243210
L6A,975527713,23309093,66109892,11126723,23403500,54812547
L6B,336607811,4831566,13097307,2838899,8876450,20989477
L6C,463953789,12045037,76991429,7614100,9076702,36340808
L6E,341200174,10655512,19757498,3012683,8653801,23137687
L6G,57918109,1704054,4333240,689457,1666151,4525026
L6H,896615667,41053180,74878219,10025166,9697648,47002325
L6J,424984975,32595656,188940923,8489705,1421198,34106574
L6K,145932539,17448537,26096713,2104012,3721027,11436072
L6L,338157673,47797461,63977242,4484040,3287807,22620906
L6M,1043976898,28049025,82248090,9805940,8082435,46894878
L6P,837518231,10680010,28314415,7655040,33199733,60442197
L6R,843451710,14601373,13820842,4600527,34741206,56478888
L6S,486898455,32105432,10617662,2519010,20516732,28167778
L6T,317557894,16378385,3696047,924986,18256542,19283047
L6V,352567522,15796285,3349424,1622629,18218509,21702323
L6W,192015134,16367124,6216564,1092941,8803143,12112536
L6X,778316768,13430974,14124686,4629500,25048620,41935680
L6Y,966226146,22826445,22980797,6110584,30368586,55053345
L6Z,346242446,17517794,10923670,2104595,10473318,18778957
L7A,1096087195,8054684,12395141,5283114,30939592,57573211
L7B,234728434,10906650,66221454,4125855,2088858,14640237
L7C,351971121,13524079,27903774,3488955,7052678,19582929
L7E,427661935,21663559,28906156,2739361,7962527,17721861
L7G,658968017,37366380,33834403,3810474,8621344,26854578
L7J,156494432,12128125,6805406,833236,3419181,5804921
L7K,89312669,10529666,13506814,1121262,1542287,6355722
L7L,625502903,45795065,45425774,4657570,7064880,26692611
L7M,644090092,46966297,46124959,4428563,7460382,35888531
L7N,132136407,26519858,24024122,1671025,2278505,9363474
L7P,330420008,41911604,35062314,2820708,5620636,16548624
L7R,165714395,26723074,20483588,1724412,4135088,9296456
L7S,88410986,31093912,12590341,877706,2950804,6520286
L7T,155495879,41452299,56499710,1984306,3404927,10323325
L8B,279563613,15002520,11789531,1807828,3894897,10873052
L8E,341654076,39854122,13969698,2135400,15505571,18395980
L8G,139440111,46140692,10113292,812258,7847303,9014793
L8H,172784032,16505702,1262177,512655,19974587,10667375
L8J,284176829,17310799,6908857,1834585,8331984,13510386
L8K,220300824,38792352,4603937,1015000,16015553,11501764
L8L,159207517,12192784,1332000,952765,28571810,12961218
L8M,81606322,7879230,1514851,758440,9890000,5400685
L8N,93400047,6937244,1667876,746635,11684054,6286748
L8P,174958075,25311803,17375432,3303939,10049682,12000838
L8R,58972154,6256343,1028811,632936,9504661,4646962
L8S,103272167,13316926,8271306,1163445,3397024,6457132
L8T,143579558,28429027,4405627,480048,7739102,7527830
L8V,134935908,28131901,2107029,358034,11910929,6720485
L8W,223978200,19741652,3389571,757724,11613707,12495564
L9A,190706848,24982188,3632496,937967,12528186,9996006
L9B,200312057,31345068,9350049,1124105,7148496,11418386
L9C,311944099,48236596,11908440,1847212,14929544,18319354
L9E,151852074,1168536,8207099,1462932,2757877,7886406
L9G,271243692,43971199,51927342,5042177,2466257,15960868
L9H,275063161,69134596,44602161,3580709,4453647,17476619
L9J,9788073,2242099,440515,121282,476763,895511
L9K,153972087,13035931,16377651,2000521,2354762,9620865
L9L,113191677,34662586,16647440,1318913,2672278,9421435
L9M,71618688,38606475,7544280,790020,5672640,6312116
L9N,195239458,8788082,7491666,2403542,5072952,12797571
L9P,174760929,25761512,23471538,2220073,2616552,10871336
L9R,197368792,36257361,10879339,1332033,7011471,11631696
L9S,262357957,28950648,9967717,1972620,10973007,15687810
L9T,1330042603,29524101,36039188,7599201,22656155,52288653
L9V,147183721,12896480,6582888,1273454,5239521,7578488
L9W,501999449,41914744,25799254,3554489,13354418,22015799
L9X,135019049,13383058,17984786,1994577,1610971,6264005
L9Y,154660518,68703831,41877462,4594164,6674241,17991056
L9Z,94195029,75649787,8147140,1285495,7910536,10580891
M1B,451458502,30083112,5333002,1844723,36431555,39821536
M1C,351450605,42405306,21126127,2283675,8168299,22819254
M1E,320711906,36048570,9583560,1675132,24584990,30034800
M1G,180607033,12464595,2534819,1009086,18452797,18453488
M1H,173929787,11596295,4034965,1029249,10677672,14396672
M1J,222025462,14220608,3311019,1083551,23293769,23346378
M1K,308055960,19952863,4429105,1376410,32281662,29633923
M1L,242969791,10630015,5002536,1708010,19106586,23347415
M1M,175391100,20157388,13005930,1940217,9212792,16547324
M1N,226420452,21672497,15094604,3492632,6893864,14566814
M1P,294316406,19829106,6945455,1513577,23160722,24231425
M1R,200852013,17051320,5450723,1817702,15543988,19114384
M1S,214668872,22501933,18690958,2037085,16215544,25641169
M1T,190167563,25474698,14267755,1668770,17830466,20145023
M1V,235973625,29124287,17845397,2531861,25493322,37097238
M1W,259326896,37849469,24870612,2470185,20582128,29333285
M1X,120314299,3627263,2043723,601743,7931017,11065140
M2H,150713415,23353690,27883821,1816533,6833708,15250027
M2J,516654837,30059098,33446262,4985681,19057874,36223627
M2K,214275649,20899015,49360724,3826299,4025071,20682973
M2L,144423314,14358976,105590371,4357980,1153992,15623023
M2M,227205629,20986916,40012354,4284716,9850638,23050496
M2N,757736765,34295791,116212281,11557784,12831293,48190716
M2P,107244219,8502044,76855554,2516231,439351,10399685
M2R,268898165,21596529,18688756,4769101,21093885,28541371
M3A,278635983,20690293,18590982,2980429,13421701,20804993
M3B,135797017,22798524,122847199,4739849,896959,16773157
M3C,250137813,29010789,37948810,3442808,18014585,26669029
M3H,375415483,18760817,60114937,9470369,11925755,25935184
M3J,208798939,7912946,5427777,1304824,16709876,19040513
M3K,73350048,4769351,5811749,633681,3441460,4342282
M3L,112856108,7959228,1205665,668088,15848584,11547230
M3M,165935426,11885271,3472123,950554,16154766,13216601
M3N,186679653,10803710,1582054,905781,42209748,25681478
M4A,97674695,10365775,4312308,844071,7861314,7861837
M4B,145496685,13390335,7140880,1789983,8394992,12374931
M4C,428795367,20490034,13390059,4779180,19582718,25052977
M4E,376731545,20148348,39986590,9566522,4322408,18686463
M4G,355485330,23596902,85829095,9238345,1286887,20433570
M4H,64422534,4528148,985689,1352233,11212400,14830200
M4J,371300682,21129713,18633085,6226007,12108068,18692430
M4K,354212082,22805242,34882559,11468177,8258582,20676776
M4L,411002787,16052956,31183904,8967607,8849749,19887475
M4M,330626467,6952086,18076316,6378549,9208206,13874686
M4N,407022919,25325647,207298558,8210876,888121,24227326
M4P,333683196,11468594,38094579,5210661,5221521,14612614
M4R,227181618,9310228,53817180,7272768,906867,12114017
M4S,474259388,19129821,50391252,7527483,4241595,17876143
M4T,218792543,25463551,123747053,7185549,619367,19126466
M4V,369697506,35767825,193833713,10852070,1455071,23816702
M4W,337146556,26154272,194359311,11413360,774904,27285731
M4X,172222308,6095396,6101206,2510953,14262887,11264535
M4Y,431941607,10834942,27698850,4715440,6928254,17658454
M5A,541453684,12653735,31100179,8230162,24054129,28699502
M5B,176193300,3549632,7575143,2098486,4985220,7096909
M5C,101826167,2815181,34452471,2256106,543082,5657441
M5E,250864201,6918829,89058624,2626718,1279344,8741422
M5G,35573663,23835695,15897944,517429,33432054,2701538
M5H,139984807,1321471,35379079,1789079,165126,3510454
M5J,344845155,7402717,49423258,3287653,1170023,9976555
M5K,4764977,548093,7156953,655605,11442,395907
M5L,1101250,57000,1058250,0,0,29750
M5M,445003534,21426781,133933915,17521316,1711326,27880038
M5N,240574656,12770461,84700052,12866971,1910694,17691604
M5P,336528966,24931163,163810741,12107495,1593063,23420449
M5R,383814476,33245476,185825906,14952138,3477479,30131214
M5S,186820434,11383933,54724168,3787737,1994484,12154228
M5T,144233153,5706836,10785757,2223016,10472721,10079797
M5V,1234671173,3893654,83782304,10456333,7328985,28445053
M5W,1103600,228000,456800,28080,36240,73400
M5X,1277500,1077000,7624583,285583,0,0
M6A,166250845,9809391,17735618,1545415,11280162,13672212
M6B,249313539,18497907,37010439,6547911,10968143,17002058
M6C,279040043,15020789,41950470,10479462,6964906,14552210
M6E,291928674,17970173,8459217,3051212,23359990,16435601
M6G,331358377,19604916,39108359,10413836,8394848,17531651
M6H,423706893,17636825,25829938,7786078,19161159,20678555
M6J,457515273,8733150,30455800,9682676,9911667,17085673
M6K,455082291,6019883,11102326,5703650,22843076,18350755
M6L,122906521,13802226,6694573,897377,12810035,10983502
M6M,265841168,16267513,3583045,1885701,32054790,21913737
M6N,272743622,19274684,4778779,2656119,28173725,18619102
M6P,495713530,20009343,30698653,8565163,11180047,20204544
M6R,269999182,7987092,27104044,9292299,3929433,11795366
M6S,496753225,28621455,58385530,10070890,5102924,21954579
M8V,445311588,28447905,37195751,5978340,15326173,25500338
M8W,240016755,15368175,13540723,2294947,7182466,10583944
M8X,171111779,27337433,74137333,6144118,546064,17322044
M8Y,273507728,13481985,21166016,5317479,5478710,14261971
M8Z,248636856,13549892,19740166,2877789,3719074,9450731
M9A,445936739,39768114,109548693,10301486,7967424,29094426
M9B,375746684,28789043,39229907,4536715,7191730,21044924
M9C,347292198,45317962,26086349,3385207,10532796,20944063
M9L,69091679,6690098,2781783,433824,8386100,6098857
M9M,161383918,7721182,2850334,942814,15622451,14070301
M9N,167778535,10802668,2587356,1566632,19719200,16050085
M9P,151092613,26692517,18960621,2002502,6840263,11524637
M9R,229505138,27150553,10235570,1957778,17323268,20119513
M9V,342725939,15491888,3792835,1783285,39527577,33122290
M9W,306170972,19296328,13295515,1739848,22960678,24765716
N0A,198398713,77087926,14737689,1833357,11789763,16360770
N0B,885461852,92102650,127455851,14834341,10666222,34808661
N0C,95967395,21615039,9505474,2196602,5042873,5468048
N0E,254590107,53066628,26997310,3520145,9229095,12151927
N0G,551556516,94363450,53554154,16055948,21819770,23154749
N0H,318042895,136237728,46726579,5939790,12095477,29099764
N0J,261376994,27663149,21878436,4177511,7779680,10054512
N0K,178200815,19106604,23348641,5248755,4186895,5602169
N0L,412385223,64587426,30498367,5641564,12170619,21171391
N0M,480221341,107835637,70630895,9738470,13988191,24350153
N0N,332813401,84950207,25866360,2821855,10312724,17422183
N0P,324216738,81518487,26741877,6747995,17407482,17400827
N0R,473941421,60534455,21212589,3143646,15151800,23953667
N1A,71263559,20576304,4115876,866052,4624002,3900294
N1C,52641045,3480300,3964697,281879,497107,2630953
N1E,447051904,32491819,17777472,2920248,12830342,15582172
N1G,261149897,37111289,29847630,1757899,5012704,14463180
N1H,346978466,43949376,24863651,2852937,15614314,16945313
N1K,115914862,5038672,2855728,519098,4483117,3987655
N1L,213371864,7118707,14590862,1293155,2738376,8033802
N1M,161239929,23640300,8978264,1050164,3973697,6217691
N1P,98611746,2062276,971644,351691,2507134,2607213
N1R,307652047,39324070,11860608,1270010,22294514,14340385
N1S,184265667,22997479,8488375,1157417,6339904,8106706
N1T,211017737,8725461,8886053,1000268,5101812,9972794
N2A,305016056,25639826,14521313,2079570,10320856,12305619
N2B,143320233,18402739,5224917,714559,6374693,6500862
N2C,132892658,11142673,3907700,534409,9725768,6245114
N2E,386107414,16744870,4800087,1776388,16097063,14577807
N2G,116205603,11463770,4391645,956398,7106224,5182177
N2H,208461928,16809689,7600877,1346150,7712813,7411325
N2J,166498042,23694916,17070647,1626030,4211328,7619871
N2K,398018288,18914860,43107393,2868155,4656046,14382789
N2L,305102375,31265179,31412828,2320920,5676664,15058430
N2M,282707713,25247432,10978279,1478136,18192553,12096186
N2N,268078636,18570185,8071959,1482683,7348155,11083735
N2P,297719915,12828835,21755322,1349265,4910097,12064595
N2R,214945605,1750486,4381121,1332470,4094263,6985538
N2T,261494310,17081858,24377097,2063560,2675687,11626529
N2V,262886033,8030120,15342897,1793925,2447603,9499895
N2Z,110722773,34355406,9768000,851512,1810079,8631840
N3A,164723469,25364433,14799487,1141734,2609653,5835911
N3B,123770439,10927847,12478468,2121057,2004167,3132803
N3C,329317720,14947577,10560054,1343385,7752369,10706509
N3E,23370269,209363,1418856,226500,565556,1347441
N3H,201329496,20861141,7037763,909915,10434261,9229799
N3L,150296188,20605552,8419162,1077218,4327731,6688260
N3P,71442675,8227708,921945,286319,3878754,3256567
N3R,242975010,60685032,11188991,1484986,13262332,13691852
N3S,163191113,19339295,2017595,513609,18170398,9665285
N3T,286790233,29547122,14405354,2227077,14894167,15226830
N3V,16890956,1808677,499705,39729,442183,667092
N3W,153133853,16278184,5201053,965487,3789473,6576805
N3Y,134298792,50374230,10988375,1023919,9228470,7236489
N4B,50665281,11347232,3356502,364723,3697538,3071096
N4G,117923252,41685888,13121782,1077768,7675580,7148259
N4K,159744618,59095824,14232763,1721175,11124474,12356798
N4L,34863401,22871710,5764500,783613,2374635,3317988
N4N,57035967,21031001,5101934,692961,4031232,3655081
N4S,250950547,37897371,11743548,1388109,14471133,12625507
N4T,120996470,16815989,6207745,650745,3526377,6095722
N4V,24036829,4590763,871082,77905,1033539,977354
N4W,90742661,12382294,10729485,2123445,2881852,3093303
N4X,79930030,16982304,9356689,825017,1873635,3873416
N4Z,21863042,2575016,884730,70913,773474,656741
N5A,222498622,54462582,23101607,2492572,10279882,13242261
N5C,134009477,15947753,7219665,800621,5507481,8520890
N5H,98562762,13350797,6124614,2490566,4852171,3594651
N5L,19133658,11724264,3487964,361498,662431,2302906
N5P,151114019,23195617,5669433,1188002,8857723,8279511
N5R,198433032,50677857,6240026,1095001,11395452,11258815
N5V,239455661,20642299,6327355,747926,16968745,13185225
N5W,161662422,20502758,1923118,784300,14126000,10317195
N5X,325184457,44209317,27424622,3157685,5590588,17734031
N5Y,243724848,21494147,4824248,1423545,19827255,26759585
N5Z,140261189,17359843,1793274,553557,16297713,8708591
N6A,111624047,14439598,19981323,2228490,2526054,7173991
N6B,62250355,7054055,2359196,508276,7956368,4632707
N6C,244721585,37311302,14052875,2821175,10261214,13961871
N6E,158681900,20813532,1825057,981902,15735527,10796585
N6G,403307023,44294974,43406949,6158810,8385007,26406700
N6H,305947863,58920584,32496140,3884576,9609877,21385033
N6J,157676521,42931578,8185466,1453576,12321226,10422360
N6K,312406469,79259377,43241845,3790100,6036576,21518809
N6L,39804976,1271524,1577433,583613,1440213,2565319
N6M,79711879,3377196,2567092,463129,2139895,3411866
N6N,5271750,895289,1383398,124867,137578,205625
N6P,111556738,13839928,15835488,1227264,1413643,5374470
N7A,68900743,34291377,8816524,857530,3113795,4183374
N7G,139469075,27282899,9307703,1111999,6242394,6527084
N7L,150678284,48435751,7621254,783471,11486592,8862408
N7M,152855387,36075682,12569534,1515815,11649179,10146932
N7S,238912240,52141151,13280300,858535,9486171,12514852
N7T,133502658,40595220,5855078,498915,18650096,10388105
N7V,80151620,38095361,10489147,457697,3423630,6220170
N7W,11729130,17339038,1933190,56664,379921,1023083
N7X,11892072,3837471,7075587,164888,87516,962511
N8A,63445288,20511998,3569751,465130,8571728,4128351
N8H,192678707,31655837,12745341,1346181,9727689,7263500
N8M,92937713,16162025,2667827,566807,4980148,5131025
N8N,231242545,47891004,28057086,1588453,6712265,14759269
N8P,114027389,24245498,5665683,661577,4645212,7040941
N8R,87617148,13919138,1454039,232825,7633846,5583130
N8S,146365080,43139251,7672424,566413,11116343,11064190
N8T,84856423,19088268,1118199,289026,15076592,7381784
N8W,175517665,23188798,2908588,554445,15140139,10990030
N8X,82263199,11983927,1290306,346734,15412521,7527341
N8Y,104130116,25352179,4280563,438566,13932810,9525894
N9A,85802599,14077756,1634817,621758,30437084,12145811
N9B,117371280,6845455,1476955,507410,11410209,9487303
N9C,59775350,6048748,288784,215223,9977816,5691898
N9E,178667278,28133255,10893106,1249782,6874600,11563260
N9G,181233445,17747652,9242232,1136045,5813270,11864284
N9H,120989472,20747794,13067397,886724,2861173,7675829
N9J,240695158,24152456,11617261,1195906,5545380,10207569
N9K,31614613,1997789,1521498,147660,853106,1680272
N9V,186574387,36368116,9378471,937521,7565961,10927175
N9Y,121746567,31164375,10108411,1129897,3920313,6884803
P0A,64291163,41170293,7390953,1066352,8392153,6977360
P0B,55675053,17511615,11556654,1901512,2308192,3950708
P0C,17942979,9574614,4418679,529817,1167968,2084094
P0E,19550052,6755800,2252278,262852,1224330,1440125
P0G,15426730,8530281,3086130,249881,1223596,1414739
P0H,203015183,61365617,8164968,1743474,15276918,11232845
P0J,140484945,32814258,6721202,1180942,9836784,5012420
P0K,76818899,23599113,1731638,237283,5282006,4271070
P0L,133581659,27824508,4475286,550262,12813885,6958255
P0M,421824471,87480538,10149164,716912,21596723,15461189
P0N,98178844,9936419,1576809,136287,4267566,3156156
P0P,62005069,39093865,4518475,690172,10106931,6643057
P0R,58115377,33144259,3176306,649221,6124947,4087570
P0S,77899524,17468445,1660481,263208,5278722,3215507
P0T,206778761,50823814,5175241,574579,14880693,12516767
P0V,79072311,10986700,1986972,160372,8419369,4362712
P0W,36831411,8580822,1915279,637893,2166080,1583667
P0X,27913104,13520954,3542482,243526,2329415,2457775
P0Y,101333,668000,0,0,14333,29556
P1A,108943148,31943671,3917373,480352,7913250,6179452
P1B,206550830,53466545,7730954,1284381,17570674,11403178
P1C,47658228,5724531,5605895,532044,300189,1458471
P1H,96218132,35670509,15720853,2147955,5401262,8413820
P1L,107462603,39453432,12239205,1956633,4906973,7465055
P1P,43200108,25671962,5809000,569010,4287052,3960939
P2A,71126626,30615669,8419328,1119048,5141514,4664212
P2B,48681637,21237659,2590685,205345,6531396,2867950
P2N,52874575,10296418,1087382,88169,4123900,2232424
P3A,187973694,48227416,8234725,669653,8053902,8295313
P3B,122386056,17910749,4232289,368475,9032365,6158892
P3C,90476158,13660386,1786840,285139,14295247,6504385
P3E,249634360,57957750,35338789,1514734,6628540,12552590
P3G,49949587,7506384,8168940,211929,651422,2054341
P3L,93397357,8564826,2596366,158777,2656038,2793968
P3N,89138221,11216429,1547749,163420,2830562,2353573
P3P,181957773,19238444,2565325,243819,4831698,4403501
P3Y,91970973,14219680,3370125,158843,1461329,2636440
P4N,207964060,30977247,7549723,772267,13357554,8524443
P4P,38363840,2991953,1128576,78750,1243602,1172336
P4R,60173198,3765794,3099879,152810,1497247,1814049
P5A,27350501,41852055,1580832,126719,9251949,3320740
P5E,37280644,13691882,1043599,82018,2048236,1433286
P5N,61792089,17060444,1996538,296464,4129209,2070096
P6A,242361323,70138084,15992322,817632,16079814,15431555
P6B,141998897,51744409,8266362,474453,10627111,8109846
P6C,132964440,29894720,1890402,156981,11761787,6635049
P7A,194924994,57752290,7847290,659962,11229856,9917920
P7B,155032332,37342134,11147963,732078,9149146,8627108
P7C,137815071,34632161,4072172,373609,10233800,7312440
P7E,135722643,35403162,3108847,302495,10490458,6898476
P7G,135044695,19357776,9501673,627100,3023733,5580262
P7J,44302819,8224813,3053593,189253,1140584,2510303
P7K,65774172,15684074,6550186,293887,1253537,2495968
P7L,17467952,3782530,832907,149476,769036,563434
P8N,89367763,20051334,3151991,308161,3488386,3481340
P8T,55323434,4345818,2317714,362182,1247509,1302991
P9A,74834637,20142364,4189220,300618,3055583,2864874
P9N,109908205,24867134,5554805,739639,4132906,4326573
