FSA,Employment Income #,Employment Income $,EmploymentIncomePP,Pension Income #,Pension Income $,PensionIncomePP,Investment Income #,Investment Income $,InvestmentIncomePP,Self-employment Income #,Self-employment Income $,SelfEmpIncomePP,Benefits Income #,Benefits Income $,BenefitIncomePP,Other Income #,Other Income $,OtherIncomePP
K0A,58630,3532891000,60257,29920,1020959000,16943,29280,402079000,13732,10290,170356000,16555,19860,170055000,8563,27470,262469000,9555
K0B,10330,472503000,45741,7150,184872000,4042,6310,75523000,11969,2320,27783000,11975,5960,48320000,8107,4950,44742000,9039
K0C,26550,1241111000,46746,17280,467812000,10008,13560,168790000,12448,5060,61654000,12185,13340,108316000,8120,12310,109196000,8871
K0E,19330,872325000,45128,13300,378352000,8384,8600,116897000,13593,3600,40052000,11126,9840,83562000,8492,9820,92603000,9430
K0G,19230,967767000,50326,13430,447555000,8893,9500,127509000,13422,3870,45851000,11848,8210,69094000,8416,10160,100021000,9845
K0H,22080,1045123000,47333,16040,507373000,10719,11150,153342000,13753,4410,57891000,13127,10370,92308000,8901,11840,127159000,10740
K0J,15500,702655000,45333,13170,379673000,8375,8290,80921000,9761,3430,33537000,9778,9260,76679000,8281,8090,75241000,9300
K0K,53670,2366286000,44090,41150,1190496000,27001,28020,310182000,11070,11590,144859000,12499,28950,247381000,8545,30580,318044000,10400
K0L,33970,1471364000,43314,28460,803503000,18551,19610,240020000,12240,7510,87831000,11695,20270,173654000,8567,21340,206335000,9669
K0M,22630,951608000,42051,21320,640823000,15239,14490,184437000,12729,5640,71641000,12702,13280,108973000,8206,15150,155967000,10295
K1A,60,7257000,120950,0,0,0,40,210000,5250,0,0,0,0,0,0,30,149000,4967
K1B,8960,446396000,49821,4280,160987000,3231,3850,36954000,9598,1260,17907000,14212,3620,36546000,10096,4570,41188000,9013
K1C,19800,1132233000,57183,11690,527593000,9226,10810,120225000,11122,2560,60025000,23447,5850,57206000,9779,10210,94479000,9254
K1E,7870,422182000,53644,4890,207485000,3868,3730,30185000,8092,890,14326000,16097,2520,23783000,9438,3830,32348000,8446
K1G,17580,882033000,50173,7930,295387000,5887,8240,114477000,13893,2750,45916000,16697,7340,75476000,10283,9860,97510000,9889
K1H,7820,545952000,69815,4640,200479000,2872,5520,132199000,23949,1450,52805000,36417,2640,25918000,9817,4910,52747000,10743
K1J,13730,734030000,53462,7130,286279000,5355,6940,120683000,17389,2140,39315000,18371,5680,57318000,10091,7740,72715000,9395
K1K,14820,731503000,49359,8320,297493000,6027,6930,75351000,10873,2270,41435000,18253,8590,87815000,10223,8770,83181000,9485
K1L,8280,397202000,47971,4310,140871000,2937,3620,48868000,13499,1290,22043000,17088,4840,49631000,10254,4480,42018000,9379
K1M,3250,405943000,124906,2090,123685000,990,2970,195829000,65936,720,36324000,50450,590,5825000,9873,2210,24977000,11302
K1N,13190,770341000,58403,4990,206234000,3531,6520,108519000,16644,1920,32838000,17103,5470,55054000,10065,6990,67645000,9677
K1P,500,256826000,513652,140,6032000,12,360,43101000,119725,80,2934000,36675,80,790000,9875,210,3512000,16724
K1R,10520,739774000,70321,3190,102418000,1456,4720,50673000,10736,1490,34877000,23407,4260,45469000,10673,4690,43751000,9329
K1S,16240,1351675000,83231,6610,344799000,4143,10690,333710000,31217,3080,141571000,45965,3480,33724000,9691,9070,95367000,10515
K1T,20080,1071367000,53355,6540,200899000,3765,7950,85653000,10774,3330,50470000,15156,7660,80798000,10548,10800,106170000,9831
K1V,27840,1497435000,53787,11650,461614000,8582,12480,193751000,15525,4390,74385000,16944,11440,118584000,10366,15250,145734000,9556
K1W,7530,490170000,65096,2350,94444000,1451,3250,54466000,16759,1050,23534000,22413,1910,18813000,9850,3450,33096000,9593
K1X,2160,148507000,68753,470,12973000,189,1040,10253000,9859,310,4868000,15703,610,6540000,10721,1010,9190000,9099
K1Y,10920,942200000,86282,4360,189451000,2196,6610,139978000,21177,1760,66165000,37594,3110,30960000,9955,5420,55971000,10327
K1Z,11140,720378000,64666,4600,157797000,2440,5240,89060000,16996,1660,38806000,23377,5280,54196000,10264,5800,54625000,9418
K2A,8380,664698000,79320,5030,228680000,2883,6430,192229000,29896,1450,62080000,42814,2480,23040000,9290,5320,59009000,11092
K2B,15710,754022000,47996,7920,266621000,5555,6900,88283000,12795,2370,35744000,15082,7820,79640000,10184,8780,78744000,8969
K2C,15110,838861000,55517,6280,221384000,3988,7390,102889000,13923,2180,39159000,17963,5510,52452000,9519,7610,66987000,8802
K2E,9790,510531000,52148,5270,214996000,4123,5540,81230000,14662,1520,26480000,17421,4000,39856000,9964,5480,49125000,8964
K2G,27510,1584997000,57615,10760,402641000,6988,13730,193879000,14121,4150,80519000,19402,8550,84359000,9867,14530,130739000,8998
K2H,13370,803153000,60071,7640,312217000,5197,7910,142764000,18049,1960,42920000,21898,4580,43014000,9392,7730,73258000,9477
K2J,43590,2687127000,61645,12310,428433000,6950,18020,190963000,10597,5820,106445000,18290,11910,118260000,9929,20640,196332000,9512
K2K,12710,890376000,70053,6300,269655000,3849,8370,150294000,17956,1750,35934000,20534,3270,31592000,9661,7490,72842000,9725
K2L,10110,568229000,56205,4850,174028000,3096,4590,42901000,9347,1250,20482000,16386,3460,32660000,9439,4950,45237000,9139
K2M,16420,1111176000,67672,4980,184931000,2733,7230,79765000,11033,2000,39309000,19655,4150,39872000,9608,7620,72745000,9547
K2P,10060,781007000,77635,3130,121119000,1560,4630,77432000,16724,1330,37740000,28376,3540,35443000,10012,4380,39396000,8995
K2R,610,59789000,98015,360,16471000,168,590,35312000,59851,150,8359000,55727,140,1241000,8864,440,5246000,11923
K2S,20940,1490956000,71201,7900,312122000,4384,10170,144215000,14180,2670,66880000,25049,4950,45796000,9252,9960,100501000,10090
K2T,6130,494526000,80673,1640,54208000,672,3750,48301000,12880,770,17284000,22447,1250,12493000,9994,2930,28817000,9835
K2V,4660,306865000,65851,850,28024000,426,1860,15374000,8266,680,10758000,15821,1240,12612000,10171,2000,18809000,9405
K2W,4640,383251000,82597,1190,40746000,493,2350,48824000,20776,590,12987000,22012,970,9599000,9896,2260,24979000,11053
K4A,34910,2150239000,61594,11980,480838000,7807,13460,127966000,9507,4250,81126000,19088,9370,92067000,9826,15570,145734000,9360
K4B,2580,154423000,59854,1420,52226000,873,1500,28021000,18681,440,12147000,27607,810,6711000,8285,1230,10741000,8733
K4C,2290,154095000,67290,1390,58192000,865,1500,43340000,28893,430,13176000,30642,690,6327000,9170,1250,13891000,11113
K4K,8780,470816000,53624,5110,177435000,3309,4020,36695000,9128,1060,18958000,17885,3300,29037000,8799,3850,35734000,9282
K4M,7080,597972000,84459,3530,155910000,1846,4970,144475000,29069,1260,37451000,29723,1630,15985000,9807,4150,48654000,11724
K4P,5700,418245000,73376,2570,98782000,1346,2950,68392000,23184,800,16814000,21018,1440,13408000,9311,2750,27384000,9958
K4R,4800,287716000,59941,2210,82013000,1368,2060,23525000,11420,640,10697000,16714,1370,11637000,8494,2020,17736000,8780
K6A,5660,218405000,38587,5190,127680000,3309,3350,32077000,9575,700,10984000,15691,4950,43513000,8791,3060,28130000,9193
K6H,13780,534101000,38759,10150,265758000,6857,6100,52953000,8681,1360,17509000,12874,9930,90726000,9137,7560,68917000,9116
K6J,8120,307034000,37812,5790,143542000,3796,3170,23324000,7358,780,11303000,14491,5740,49294000,8588,4060,36632000,9023
K6K,1700,78026000,45898,1100,30212000,658,750,8471000,11295,180,2768000,15378,860,7332000,8526,760,7542000,9924
K6T,360,17861000,49614,210,6581000,133,160,554000,3463,40,1437000,35925,120,1162000,9683,160,1676000,10475
K6V,13060,552029000,42269,10290,321199000,7599,6910,88378000,12790,1640,27101000,16525,7460,67438000,9040,7510,78048000,10393
K7A,8330,350950000,42131,5700,163998000,3893,3150,24387000,7742,1150,11105000,9657,4730,43002000,9091,4060,39392000,9702
K7C,10230,553272000,54083,5740,189612000,3506,4240,58026000,13685,1480,28855000,19497,3920,34558000,8816,5080,46302000,9115
K7G,4240,188263000,44402,3290,106831000,2406,2330,52087000,22355,710,11015000,15514,2050,17674000,8621,2450,23837000,9729
K7H,7500,376478000,50197,6520,223511000,4453,4710,64608000,13717,1420,18265000,12863,3730,30494000,8175,4390,42329000,9642
K7K,15760,692493000,43940,7320,219730000,5001,5690,68184000,11983,2090,38893000,18609,8530,87109000,10212,7970,73552000,9229
K7L,8390,440200000,52467,5640,244952000,4669,5920,179468000,30316,1600,48538000,30336,2920,26796000,9177,5280,55774000,10563
K7M,24280,1057130000,43539,14850,523497000,12024,11940,152219000,12749,3330,61440000,18450,10580,101522000,9596,12780,121917000,9540
K7N,4410,204563000,46386,2180,69091000,1489,1380,9776000,7084,380,6961000,18318,1830,18041000,9858,1830,15344000,8385
K7P,13390,711014000,53100,6340,228562000,4304,6200,77761000,12542,1850,43750000,23649,4330,41529000,9591,6450,59628000,9245
K7R,6960,301796000,43361,5320,152363000,3514,3250,32776000,10085,1070,12270000,11467,4020,36410000,9057,3680,32314000,8781
K7S,6850,322681000,47107,4850,148713000,3157,3140,33883000,10791,990,12952000,13083,3440,28922000,8408,3470,33937000,9780
K7V,6390,272919000,42710,5150,141144000,3305,3010,30468000,10122,1010,13080000,12950,4150,35044000,8444,3260,30373000,9317
K8A,12530,573183000,45745,8920,254154000,5556,5630,59957000,10650,1730,27388000,15831,7200,63824000,8864,6140,56736000,9240
K8B,270,16000000,59259,120,3959000,67,110,1157000,10518,20,749000,37450,60,492000,8200,110,856000,7782
K8H,8800,505866000,57485,2820,88289000,1536,2170,10979000,5059,720,10207000,14176,2110,19332000,9162,2800,27824000,9937
K8N,14750,689658000,46756,10380,324135000,6932,7920,101137000,12770,2170,45811000,21111,7690,70832000,9211,8060,77579000,9625
K8P,10810,404132000,37385,6660,185646000,4966,4330,35075000,8100,1280,20877000,16310,6810,64537000,9477,5620,48761000,8676
K8R,960,47699000,49686,550,18824000,379,420,3385000,8060,100,954000,9540,380,3365000,8855,450,4072000,9049
K8V,13760,599201000,43547,9140,253875000,5830,5320,41585000,7817,1460,21818000,14944,7500,68759000,9168,6550,58172000,8881
K9A,12560,583598000,46465,10600,353290000,7603,7960,109386000,13742,2040,34660000,16990,6210,52217000,8409,7910,89166000,11273
K9H,13040,511527000,39228,8510,253295000,6457,6530,68481000,10487,2040,31541000,15461,8140,76151000,9355,7960,69108000,8682
K9J,21350,883418000,41378,13450,395955000,9569,10460,136214000,13022,3330,49121000,14751,12250,111446000,9098,12270,109730000,8943
K9K,7130,340005000,47687,4450,158031000,3314,4200,48286000,11497,1010,20460000,20257,2670,23331000,8738,4050,35381000,8736
K9L,3930,182893000,46538,2430,82843000,1780,2180,22281000,10221,570,9439000,16560,1650,14687000,8901,2170,21369000,9847
K9V,12930,538691000,41662,10450,304040000,7298,7230,73866000,10217,2140,25587000,11957,8150,70471000,8647,8030,73435000,9145
L0A,7830,420615000,53718,4100,127092000,2366,3780,49975000,13221,1760,18151000,10313,3000,26207000,8736,4440,61957000,13954
L0B,8460,467868000,55304,4510,140639000,2543,4290,72627000,16929,1770,26041000,14712,3260,29197000,8956,4950,60416000,12205
L0C,5130,285359000,55626,2600,80394000,1445,2710,38647000,14261,1190,14452000,12145,1970,17021000,8640,2860,29307000,10247
L0E,10360,510317000,49258,5850,150066000,3047,4550,60365000,13267,2090,25607000,12252,5620,49891000,8877,6000,57487000,9581
L0G,23650,1405541000,59431,9700,285571000,4805,12260,246844000,20134,4390,68724000,15655,9000,80506000,8945,12970,128690000,9922
L0H,790,54235000,68652,440,13866000,202,560,12823000,22898,190,6249000,32889,290,2966000,10228,530,5750000,10849
L0J,2880,288580000,100201,910,27942000,279,2240,117032000,52246,490,20997000,42851,670,5880000,8776,1800,24890000,13828
L0K,17890,830342000,46414,12360,359543000,7746,8770,113444000,12935,3540,43979000,12423,9540,82203000,8617,10400,100291000,9643
L0L,21600,1172279000,54272,11650,343083000,6322,11490,200019000,17408,4620,70414000,15241,8950,74952000,8375,12020,123330000,10260
L0M,19380,977903000,50459,8240,221729000,4394,6940,87719000,12640,3360,38048000,11324,8370,72002000,8602,9200,80358000,8735
L0N,1450,84954000,58589,720,19789000,338,830,16466000,19839,360,4081000,11336,550,4554000,8280,860,11036000,12833
L0P,4050,295020000,72844,2000,66209000,909,2780,117675000,42329,1070,21928000,20493,1250,10661000,8529,2580,29130000,11291
L0R,45660,2517852000,55143,21480,662287000,12010,22980,345665000,15042,8230,137469000,16703,16650,146404000,8793,23100,238717000,10334
L0S,28370,1415032000,49878,22280,767055000,15379,20990,380854000,18145,5960,99426000,16682,12120,107251000,8849,18520,211402000,11415
L1A,7660,361464000,47189,5640,186441000,3951,4190,48836000,11655,1270,17840000,14047,3650,31977000,8761,4640,53477000,11525
L1B,6380,341953000,53598,4390,151535000,2827,3390,35581000,10496,990,14847000,14997,2480,22040000,8887,3860,50803000,13161
L1C,26020,1393232000,53545,9450,285903000,5339,9210,77677000,8434,3530,46994000,13313,10340,97387000,9418,13570,168588000,12424
L1E,16300,904572000,55495,5800,182007000,3280,6190,48680000,7864,2090,30454000,14571,5620,53075000,9444,8250,107647000,13048
L1G,21290,873304000,41019,12330,386304000,9418,8780,74471000,8482,2920,36673000,12559,11000,105400000,9582,13180,141833000,10761
L1H,15390,633280000,41149,7960,210649000,5119,5200,32671000,6283,2140,25209000,11780,9540,95352000,9995,9320,105072000,11274
L1J,21190,877297000,41401,10190,282196000,6816,7000,47334000,6762,2660,30299000,11391,12040,118132000,9812,12260,140974000,11499
L1K,22640,1188698000,52504,7630,227600000,4335,8120,58436000,7197,3370,42889000,12727,8430,83580000,9915,12580,140721000,11186
L1L,6150,307255000,49960,1100,27400000,548,1970,14518000,7370,1270,11300000,8898,2380,26272000,11039,3810,39800000,10446
L1M,11900,886774000,74519,3300,108085000,1450,5130,61194000,11929,1720,36397000,21161,3030,28386000,9368,5850,64040000,10947
L1N,25740,1402986000,54506,12870,424201000,7783,12130,116265000,9585,3760,55617000,14792,10510,98860000,9406,14190,160503000,11311
L1P,11090,670324000,60444,3030,89567000,1482,4570,43962000,9620,1760,28374000,16122,3770,38311000,10162,6180,70565000,11418
L1R,23030,1402864000,60915,7460,238124000,3909,10270,111026000,10811,3320,53088000,15990,7490,74496000,9946,12240,143056000,11688
L1S,21980,1122208000,51056,9910,291050000,5701,9290,57245000,6162,3340,37622000,11264,9570,92195000,9634,12320,123016000,9985
L1T,28710,1537651000,53558,8470,193871000,3620,11570,86176000,7448,4750,52872000,11131,11090,113881000,10269,16740,176376000,10536
L1V,28680,1663316000,57996,12010,363956000,6276,14410,138122000,9585,4620,65050000,14080,10730,103279000,9625,16780,177060000,10552
L1W,9810,569145000,58017,4580,143558000,2474,5060,57790000,11421,1630,28073000,17223,3810,35064000,9203,5580,65547000,11747
L1X,12570,715618000,56931,3810,101459000,1782,5690,57944000,10183,2300,24109000,10482,4740,49220000,10384,7410,81342000,10977
L1Y,1050,71361000,67963,510,17016000,250,680,20698000,30438,270,5770000,21370,390,3338000,8559,680,7698000,11321
L1Z,16450,953780000,57981,3430,62463000,1077,6060,55210000,9111,2950,31080000,10536,5920,63774000,10773,9460,92863000,9816
L2A,7700,307442000,39928,5560,145839000,3653,3560,30664000,8613,1040,12619000,12134,5110,47577000,9311,4410,40870000,9268
L2E,9110,286815000,31484,5570,131479000,4176,3560,26071000,7323,1320,12962000,9820,7350,75848000,10319,5610,50999000,9091
L2G,15290,496552000,32476,8420,207342000,6384,5750,47000000,8174,2020,22135000,10958,10870,114724000,10554,8680,86073000,9916
L2H,15790,646603000,40950,6860,180258000,4402,6640,64653000,9737,2320,36723000,15829,8510,94028000,11049,8940,90774000,10154
L2J,7710,310245000,40239,5360,160933000,3999,4300,49099000,11418,1110,14821000,13352,4420,43396000,9818,4640,45803000,9871
L2M,16270,639068000,39279,10470,287522000,7320,7600,51512000,6778,2130,29070000,13648,9800,91376000,9324,9040,83871000,9278
L2N,14740,654256000,44386,11420,361175000,8137,9180,116749000,12718,2160,40988000,18976,7740,67814000,8761,8760,83743000,9560
L2P,7720,288296000,37344,3760,96057000,2572,2670,13893000,5203,880,8829000,10033,4660,44565000,9563,4040,39527000,9784
L2R,12230,491823000,40214,6010,157897000,3926,5010,69152000,13803,1990,29268000,14708,8080,80575000,9972,6820,66485000,9749
L2S,9760,439072000,44987,4870,139589000,3103,4620,44032000,9531,1390,24783000,17829,5050,48532000,9610,5460,59088000,10822
L2T,5640,224818000,39861,3330,112176000,2814,3140,47248000,15047,910,16371000,17990,2680,25044000,9345,3350,33869000,10110
L2V,9810,396742000,40443,4410,113175000,2798,3670,21825000,5947,1240,15824000,12761,5470,54104000,9891,5060,47718000,9430
L2W,1040,54732000,52627,440,15631000,297,640,15809000,24702,160,4059000,25369,450,4362000,9693,680,7086000,10421
L3B,11250,419093000,37253,7250,179842000,4828,4860,30574000,6291,1410,16127000,11438,8270,79590000,9624,6020,56219000,9339
L3C,16810,696186000,41415,10790,316961000,7653,8320,52272000,6283,1980,25580000,12919,8990,81906000,9111,8810,90255000,10245
L3K,9080,370500000,40804,6790,179249000,4393,4480,44873000,10016,1160,15825000,13642,5650,50920000,9012,4910,45093000,9184
L3L,350,33723000,96351,170,3563000,37,310,13305000,42919,80,2042000,25525,100,761000,7610,230,5133000,22317
L3M,14660,852596000,58158,7890,258187000,4439,8010,114394000,14281,2230,50542000,22665,5280,46149000,8740,7860,76795000,9770
L3P,18860,1143138000,60612,9900,296181000,4887,14820,206897000,13961,4000,67776000,16944,7130,69178000,9702,12700,133218000,10490
L3R,30490,1655281000,54289,15660,356499000,6567,26650,441393000,16563,7530,111271000,14777,13060,129983000,9953,23150,252182000,10893
L3S,29310,1203501000,41061,10630,159686000,3889,15930,112197000,7043,6160,54934000,8918,13920,146165000,10500,20280,216461000,10674
L3T,24740,1504774000,60824,13110,374115000,6151,20320,459572000,22617,6870,116132000,16904,9990,98673000,9877,18520,204765000,11056
L3V,22720,941570000,41442,15380,455324000,10987,11030,142003000,12874,3560,56457000,15859,13460,123443000,9171,13280,118322000,8910
L3X,24800,1533380000,61830,6350,161168000,2607,12120,132809000,10958,4950,77282000,15613,8850,85722000,9686,14260,155692000,10918
L3Y,22500,1169938000,51997,11300,346676000,6667,11680,139373000,11933,4030,64394000,15979,10320,95139000,9219,13080,131925000,10086
L3Z,20930,1080092000,51605,6690,153627000,2977,8030,98425000,12257,3630,50125000,13809,9410,88408000,9395,11300,107120000,9480
L4A,24510,1550391000,63255,10170,310299000,4906,15590,292057000,18734,4830,85759000,17755,8620,82867000,9613,14930,162853000,10908
L4B,18770,1238925000,66006,8370,175882000,2665,16830,360345000,21411,4950,94436000,19078,7080,69780000,9856,13770,146150000,10614
L4C,36620,2011621000,54932,17100,422336000,7688,25270,435078000,17217,10000,147909000,14791,16660,167646000,10063,26390,278299000,10546
L4E,27630,1785607000,64626,6900,135544000,2097,17340,230128000,13272,7100,109069000,15362,9030,93268000,10329,17850,190062000,10648
L4G,32360,2268801000,70111,11280,352250000,5024,19670,452834000,23022,6790,109748000,16163,10460,101779000,9730,19970,232891000,11662
L4H,41570,2552078000,61392,9930,181806000,2961,21020,265334000,12623,7170,117429000,16378,16140,163020000,10100,23070,222728000,9654
L4J,38650,2492942000,64500,17760,425940000,6604,30580,657697000,21507,10810,229135000,21197,14310,137288000,9594,28350,305552000,10778
L4K,10170,578202000,56854,3820,82139000,1445,5730,100388000,17520,2170,28452000,13112,4440,41368000,9317,5920,59427000,10038
L4L,30080,1828631000,60792,16590,419611000,6902,21640,453182000,20942,5020,88382000,17606,14370,128287000,8927,18210,187759000,10311
L4M,25780,1129719000,43822,10190,294316000,6716,9460,138510000,14642,4200,66347000,15797,11960,108362000,9060,13370,130501000,9761
L4N,52420,2590397000,49416,20950,597875000,12099,19440,200776000,10328,7950,129358000,16271,23940,221592000,9256,27260,254661000,9342
L4P,15560,793425000,50991,5840,143168000,2808,5340,44148000,8267,2460,35461000,14415,7380,66817000,9054,7940,77677000,9783
L4R,8530,355037000,41622,6810,186999000,4493,4330,50890000,11753,1270,19826000,15611,5890,50069000,8501,5150,48170000,9353
L4S,18420,1113393000,60445,5730,91258000,1510,13790,134772000,9773,4490,63980000,14249,6580,67087000,10196,12460,126335000,10139
L4T,23820,756375000,31754,6410,106187000,3344,6220,33772000,5430,3890,24011000,6172,11120,111422000,10020,12700,107554000,8469
L4V,40,6229000,155725,20,383000,2,30,6385000,212833,0,0,0,0,0,0,0,0,0
L4W,10720,601091000,56072,6190,175487000,3130,7090,84016000,11850,2010,32690000,16264,4630,42528000,9185,6560,64373000,9813
L4X,9260,416760000,45006,3750,82127000,1825,3640,39134000,10751,1890,20296000,10739,4870,49415000,10147,5540,52399000,9458
L4Y,11870,607968000,51219,6090,168465000,3289,6300,59195000,9396,2190,25994000,11869,5710,54863000,9608,7190,68260000,9494
L4Z,21160,1048579000,49555,6990,138457000,2794,9340,82923000,8878,3570,41430000,11605,9200,91606000,9957,11530,105100000,9115
L5A,24120,1086303000,45037,10090,216697000,4812,9300,69434000,7466,4360,43467000,9969,12640,127422000,10081,13480,126226000,9364
L5B,33320,1692809000,50805,11680,242201000,4767,15000,155146000,10343,5970,66353000,11114,14600,147454000,10100,18220,170323000,9348
L5C,15750,779084000,49466,6570,171384000,3465,7970,92013000,11545,2860,39176000,13698,6990,68491000,9798,9390,90389000,9626
L5E,6550,397207000,60642,3370,95376000,1573,3970,43649000,10995,1160,21770000,18767,2770,25776000,9305,3850,39655000,10300
L5G,10470,863533000,82477,4870,153093000,1856,7080,216816000,30624,2180,76191000,34950,3890,36836000,9469,6710,82895000,12354
L5H,8890,824069000,92696,3960,146050000,1576,7200,265007000,36807,1920,74464000,38783,2340,22174000,9476,6160,81590000,13245
L5J,15000,996685000,66446,6490,209541000,3154,8290,161291000,19456,2600,58100000,22346,5620,52828000,9400,8650,90424000,10454
L5K,6930,400953000,57858,2790,91791000,1586,3490,52399000,15014,1250,28696000,22957,2860,28428000,9940,4200,42511000,10122
L5L,23360,1269681000,54353,10880,342421000,6300,13120,210999000,16082,4110,65174000,15857,9160,89981000,9823,14270,142259000,9969
L5M,57160,3276982000,57330,16470,362355000,6321,31010,364804000,11764,10440,144725000,13863,19520,195211000,10001,33550,331948000,9894
L5N,49000,2757845000,56283,14240,346509000,6157,20450,159329000,7791,7130,89352000,12532,17050,166011000,9737,24870,238018000,9570
L5P,10,496000,49600,0,0,0,0,0,0,0,0,0,0,0,0,0,0,0
L5R,20720,1014765000,48975,8050,167580000,3422,10660,89211000,8369,3700,39215000,10599,9010,89156000,9895,11990,113393000,9457
L5S,110,6716000,61055,40,743000,12,60,4123000,68717,30,429000,14300,30,324000,10800,60,533000,8883
L5T,160,9774000,61088,50,973000,16,90,6547000,72744,50,476000,9520,40,291000,7275,100,1837000,18370
L5V,29000,1458488000,50293,8000,136139000,2707,13670,111440000,8152,4910,49893000,10162,11540,118178000,10241,16790,154450000,9199
L5W,15000,802792000,53519,2890,43771000,818,6330,60522000,9561,2480,29940000,12073,5030,50600000,10060,8090,75029000,9274
L6A,48500,2926382000,60338,13160,257693000,4271,27030,355839000,13165,9820,164850000,16787,18400,185053000,10057,28580,279030000,9763
L6B,17210,993394000,57722,4180,58707000,1017,9110,73020000,8015,3360,42913000,12772,6540,68935000,10541,10390,102604000,9875
L6C,24930,1601599000,64244,8110,127817000,1990,21020,315218000,14996,6050,108309000,17902,8670,90097000,10392,17280,180989000,10474
L6E,19070,1078350000,56547,5880,109219000,1931,12400,96031000,7744,3920,46320000,11816,7060,73876000,10464,11940,116793000,9782
L6G,3490,189520000,54304,1150,16922000,312,2400,20619000,8591,800,9842000,12303,1380,13788000,9991,2200,23489000,10677
L6H,37420,2695358000,72030,12270,376371000,5225,23480,358733000,15278,6780,166332000,24533,10710,101857000,9510,21830,242203000,11095
L6J,11900,1527446000,128357,5790,240780000,1876,11280,716401000,63511,2550,142394000,55841,2560,23744000,9275,8690,167864000,19317
L6K,6850,503414000,73491,3610,114213000,1554,4360,141437000,32440,1320,37665000,28534,3070,28641000,9329,4420,61139000,13832
L6L,14760,1186072000,80357,8110,305114000,3797,11560,286514000,24785,2840,81739000,28781,4420,38509000,8712,10080,116179000,11526
L6M,37520,3006442000,80129,9830,308311000,3848,23270,381904000,16412,6560,161514000,24621,9480,92121000,9717,21390,236886000,11075
L6P,55130,2329039000,42246,12230,133880000,3169,20940,207301000,9900,10250,114497000,11170,22100,230310000,10421,32660,283723000,8687
L6R,58840,2206105000,37493,12590,178487000,4761,17840,119228000,6683,9380,75482000,8047,22940,233072000,10160,32310,269022000,8326
L6S,31840,1359615000,42701,10800,264305000,6190,10860,86926000,8004,4710,47551000,10096,13720,132955000,9691,16980,147491000,8686
L6T,21670,874713000,40365,6980,140061000,3470,6040,36526000,6047,3010,18343000,6094,10600,102805000,9699,11390,101054000,8872
L6V,24050,965346000,40139,7220,144070000,3589,6790,32483000,4784,3650,29274000,8020,11160,107499000,9633,12980,110100000,8482
L6W,12690,559855000,44118,4880,124095000,2813,4710,48835000,10368,1880,21510000,11441,5820,55965000,9616,7020,63841000,9094
L6X,45980,2025858000,44060,9770,164526000,3734,14880,113605000,7635,7480,74072000,9903,17370,172586000,9936,24200,207391000,8570
L6Y,62120,2514490000,40478,14170,260418000,6434,20690,179559000,8679,10130,97516000,9626,22400,219169000,9784,32150,276825000,8610
L6Z,19950,954206000,47830,6160,156352000,3269,7360,81601000,11087,3180,36387000,11442,7760,74204000,9562,10570,97679000,9241
L7A,61190,2731172000,44634,9650,127264000,2851,18110,104356000,5762,9880,81530000,8252,21550,218903000,10158,32090,273549000,8524
L7B,8870,774842000,87355,3220,99176000,1135,6610,293338000,44378,2010,60102000,29901,2550,23985000,9406,6020,71207000,11828
L7C,18440,1017166000,55161,5460,131996000,2393,9020,164855000,18277,3520,52820000,15006,6230,60327000,9683,10620,98265000,9253
L7E,19790,1222910000,61794,6650,184352000,2983,9850,166071000,16860,2930,52908000,18057,7070,63734000,9015,10300,97367000,9453
L7G,27560,1839898000,66760,9650,297963000,4463,13280,196051000,14763,3850,76160000,19782,8680,76430000,8805,13930,148346000,10649
L7J,7740,441379000,57026,3120,84858000,1488,3210,46281000,14418,1150,15817000,13754,2940,25388000,8635,3670,34529000,9408
L7K,4550,282071000,61994,2100,72053000,1162,2520,77021000,30564,940,17141000,18235,1580,14027000,8878,2680,34079000,12716
L7L,25880,1813185000,70061,10030,342527000,4889,14050,242551000,17263,3830,91230000,23820,7650,69282000,9056,13580,147458000,10858
L7M,27050,1854408000,68555,10100,362152000,5283,14860,241737000,16268,3900,88435000,22676,7840,74109000,9453,14130,197806000,13999
L7N,6620,459683000,69439,4180,146113000,2104,4480,123499000,27567,1110,34670000,31234,2520,20823000,8263,4120,52340000,12704
L7P,16000,1007368000,62961,7690,265858000,4223,8480,201691000,23784,2410,57093000,23690,5540,49490000,8933,8660,93215000,10764
L7R,8970,541112000,60325,4770,164092000,2720,5240,114497000,21851,1490,33898000,22750,3660,33092000,9042,5160,52770000,10227
L7S,5730,330654000,57706,4380,152133000,2636,4050,66620000,16449,930,20225000,21747,2630,24044000,9142,3710,37663000,10152
L7T,8960,549789000,61360,6020,218141000,3555,6100,293428000,48103,1570,40040000,25503,3440,31357000,9115,5590,58505000,10466
L8B,11910,762873000,64053,3900,125021000,1952,5520,69413000,12575,1810,32461000,17934,3720,34028000,9147,5640,62655000,11109
L8E,21430,1046485000,48833,10200,256473000,5252,9160,100106000,10929,3130,44782000,14307,10410,97770000,9392,11310,106765000,9440
L8G,10690,492671000,46087,7820,222856000,4836,6070,62929000,10367,1460,21013000,14392,5780,51279000,8872,5950,57225000,9618
L8H,12850,515125000,40088,5630,112315000,2802,3000,16118000,5373,1350,14548000,10776,8910,85884000,9639,6570,62202000,9468
L8J,15370,787449000,51233,5330,138324000,2700,5780,50908000,8808,2260,34573000,15298,6080,58365000,9600,7770,74055000,9531
L8K,15940,690064000,43291,8850,218859000,5056,5790,39702000,6857,2030,24965000,12298,9260,86356000,9326,8060,71251000,8840
L8L,13540,503726000,37203,5430,96195000,2586,3330,17136000,5146,1890,21596000,11426,10870,112605000,10359,7780,71370000,9174
L8M,6000,258148000,43025,2610,57298000,1332,1860,15458000,8311,960,14995000,15620,4300,43654000,10152,3250,31540000,9705
L8N,7000,285137000,40734,2700,54907000,1348,1910,18661000,9770,1130,14120000,12496,4910,50853000,10357,3720,36115000,9708
L8P,11280,570475000,50574,5550,167742000,3317,5400,118346000,21916,2090,58143000,27820,6150,60102000,9773,6310,69951000,11086
L8R,4900,193886000,39569,2280,44206000,1117,1550,10693000,6899,850,11996000,14113,3810,40189000,10548,2720,27523000,10119
L8S,7300,307553000,42131,2980,97151000,2306,3530,50940000,14431,1180,21435000,18165,2790,26470000,9487,3960,35449000,8952
L8T,10130,440802000,43515,5550,159305000,3661,4090,33500000,8191,1110,13450000,12117,5120,47009000,9181,5100,45905000,9001
L8V,10400,428681000,41219,6190,150158000,3643,3670,18969000,5169,1120,10562000,9430,6550,60082000,9173,5110,43453000,8504
L8W,14060,634658000,45139,5590,140699000,3117,4500,30009000,6669,1720,17551000,10204,6850,67546000,9861,7120,69919000,9820
L9A,13340,570548000,42770,6160,161857000,3784,4740,30585000,6453,1790,20913000,11683,7140,70028000,9808,6740,59190000,8782
L9B,12670,622912000,49164,6330,195102000,3968,6220,59227000,9522,1730,25601000,14798,5350,52645000,9840,7100,63364000,8925
L9C,21350,943430000,44189,10220,304759000,6897,8810,87279000,9907,2980,40025000,13431,10040,96016000,9563,11170,105898000,9481
L9E,7020,407102000,57992,970,22672000,391,3200,48268000,15084,1420,19389000,13654,2230,23275000,10437,3980,37292000,9370
L9G,13010,888370000,68284,6840,273920000,4011,9020,245302000,27195,2490,86284000,34652,3400,30908000,9091,7850,86636000,11036
L9H,15710,939697000,59815,9880,375552000,6279,10470,228634000,21837,2880,66728000,23169,5250,45529000,8672,9480,98942000,10437
L9J,750,34193000,45591,450,13054000,286,410,2815000,6866,160,1986000,12413,370,3376000,9124,480,4888000,10183
L9K,7760,476996000,61469,3060,102413000,1666,4660,84489000,18131,1470,32716000,22256,2410,23489000,9746,4680,49420000,10560
L9L,7420,401205000,54071,5050,180520000,3339,4860,90088000,18537,1410,24601000,17448,2810,25011000,8901,4750,52165000,10982
L9M,6610,281274000,42553,5860,171028000,4019,3940,49708000,12616,1170,17529000,14982,4190,35146000,8388,4190,39108000,9334
L9N,10570,582763000,55134,3250,85312000,1547,5210,45367000,8708,2250,33703000,14979,4110,38942000,9475,6160,65546000,10641
L9P,8920,580316000,65058,4800,158970000,2444,5690,122184000,21473,1870,35165000,18805,3020,25663000,8498,5320,60528000,11377
L9R,12540,620909000,49514,6590,217049000,4384,5770,74383000,12891,1860,28252000,15189,5640,49043000,8696,7050,65088000,9232
L9S,15890,810024000,50977,7430,191160000,3750,6190,79001000,12763,2790,34687000,12433,7790,69106000,8871,8970,85802000,9565
L9T,57530,3489599000,60657,13260,336076000,5541,23030,236203000,10256,9270,123735000,13348,18800,181900000,9676,29050,271685000,9352
L9V,8760,440039000,50233,3610,93562000,1863,3370,51159000,15181,1830,18225000,9959,3970,34565000,8707,4650,42684000,9179
L9W,26640,1449090000,54395,10520,306392000,5633,11080,179058000,16160,4310,63420000,14715,10830,94825000,8756,13520,125223000,9262
L9X,6350,411436000,64793,2710,95558000,1475,3650,95344000,26122,1260,30631000,24310,1880,16581000,8820,3500,34631000,9895
L9Y,12740,612208000,48054,9910,349620000,7276,9310,226840000,24365,3070,75467000,24582,6230,54026000,8672,9170,98941000,10790
L9Z,9900,396190000,40019,10290,306128000,7650,6460,52515000,8129,1820,29411000,16160,6290,52368000,8326,6880,64039000,9308
M1B,35790,1369134000,38255,13460,242587000,6341,12000,48237000,4020,5960,33595000,5637,19420,203619000,10485,21910,197272000,9004
M1C,20030,1111377000,55486,9190,292269000,5267,11670,114664000,9826,3360,43050000,12813,7170,72159000,10064,11920,121256000,10172
M1E,24260,1029821000,42449,10430,269241000,6343,9920,75258000,7586,4120,31673000,7688,13590,140925000,10370,15580,150174000,9639
M1G,15770,550296000,34895,5590,107142000,3070,4850,25113000,5178,2920,16605000,5687,9060,97865000,10802,9860,89928000,9120
M1H,12960,528097000,40748,4710,96882000,2378,5170,30711000,5940,2390,16946000,7090,6400,65651000,10258,7720,73382000,9505
M1J,18720,673667000,35986,6410,126011000,3502,5650,33286000,5891,3180,19354000,6086,10990,120390000,10955,11850,111905000,9443
M1K,25380,961188000,37872,9440,167380000,4420,8860,39587000,4468,4320,25231000,5841,15620,163661000,10478,15570,150720000,9680
M1L,17730,748780000,42232,5400,107560000,2547,6710,40736000,6071,3590,25996000,7241,9820,106312000,10826,11390,112002000,9833
M1M,11730,584637000,49841,5380,146497000,2939,5910,86046000,14559,2380,31875000,13393,5920,60848000,10278,7780,83162000,10689
M1N,11530,738763000,64073,5170,157702000,2461,6430,88314000,13735,2310,56880000,24623,5130,50555000,9855,7050,77731000,11026
M1P,22700,910825000,40124,8610,161788000,4032,8950,54516000,6091,3940,26987000,6849,12450,130686000,10497,13600,125166000,9203
M1R,15680,644571000,41108,6400,134066000,3261,6490,42262000,6512,3080,29697000,9642,8700,89905000,10334,9970,96473000,9676
M1S,18840,765470000,40630,9020,167592000,4125,11790,106502000,9033,4080,33542000,8221,10380,104948000,10111,13070,131796000,10084
M1T,16320,680152000,41676,8530,174321000,4183,9160,90918000,9926,3300,29517000,8945,9980,104285000,10449,11080,106125000,9578
M1V,24910,880804000,35359,12550,215775000,6102,16050,103381000,6441,5610,41963000,7480,15190,156048000,10273,18670,184751000,9896
M1W,22740,967173000,42532,12570,255371000,6004,15520,135907000,8757,4830,43374000,8980,13110,133148000,10156,16040,155097000,9669
M1X,8660,358720000,41423,2660,35209000,850,3180,16594000,5218,1500,10358000,6905,4290,47734000,11127,5530,51664000,9342
M2H,11570,569246000,49200,6250,163289000,3319,9270,131448000,14180,2810,28250000,10053,5380,55508000,10317,8420,79148000,9400
M2J,32700,1601156000,48965,11160,272956000,5575,17420,194572000,11169,7060,71565000,10137,13670,141282000,10335,19330,189907000,9824
M2K,12480,745329000,59722,5250,172805000,2893,9580,223669000,23347,3270,50795000,15534,4160,42002000,10097,8670,103558000,11944
M2L,5400,552018000,102226,2530,117142000,1146,5250,415121000,79071,1530,58790000,38425,1520,15670000,10309,4410,73120000,16580
M2M,16410,804427000,49021,7100,171738000,3503,11380,204281000,17951,4220,58991000,13979,7510,76208000,10148,11480,116658000,10162
M2N,38170,2476491000,64881,12630,338749000,5221,28640,506197000,17674,8890,162186000,18244,12410,128985000,10394,24010,250387000,10428
M2P,3590,423301000,117911,1720,70043000,594,3840,283605000,73855,1090,32711000,30010,800,7782000,9728,3130,47081000,15042
M2R,20900,910008000,43541,8750,174574000,4009,9330,141678000,15185,5470,61667000,11274,12020,124124000,10326,14260,141566000,9927
M3A,17290,872490000,50462,6560,170758000,3384,7750,129873000,16758,3570,45199000,12661,8330,87233000,10472,10640,105863000,9950
M3B,6360,542334000,85273,3730,155250000,1821,6850,455521000,66499,1680,71662000,42656,1540,14794000,9606,5240,81305000,15516
M3C,18170,859995000,47330,8420,215238000,4548,9070,261374000,28817,4120,52202000,12670,10150,110874000,10924,12540,132856000,10595
M3H,20040,1209235000,60341,7110,170325000,2823,11200,346466000,30934,4670,130902000,28030,8750,87978000,10055,12780,130995000,10250
M3J,16920,598631000,35380,4540,84550000,2390,5080,51831000,10203,3000,21099000,7033,8920,90874000,10188,10050,91906000,9145
M3K,4480,232166000,51823,1700,39782000,768,2280,36145000,15853,800,11232000,14040,2290,21310000,9306,2630,23412000,8902
M3L,9980,364238000,36497,3970,64576000,1769,3060,12691000,4147,1680,12809000,7624,7100,71899000,10127,6420,57934000,9024
M3M,12930,519238000,40158,5030,95602000,2381,4320,32519000,7528,2100,18314000,8721,8150,80199000,9840,7930,67433000,8504
M3N,19060,611655000,32091,7100,95027000,2961,4530,21810000,4815,2830,19988000,7063,15750,167365000,10626,13180,121685000,9233
M4A,7020,330313000,47053,3390,72591000,1543,3330,30743000,9232,1360,14734000,10834,4230,44120000,10430,4410,42322000,9597
M4B,9080,476069000,52431,3910,101746000,1941,4390,48327000,11008,1680,31655000,18842,4860,51320000,10560,5790,63499000,10967
M4C,23530,1326113000,56358,8090,184309000,3270,10900,89394000,8201,4940,70401000,14251,11690,121902000,10428,13620,133855000,9828
M4E,12680,1206254000,95130,4840,169013000,1777,8290,195833000,23623,2930,132560000,45242,4190,41883000,9996,7670,98914000,12896
M4G,9940,1220595000,122796,4250,189497000,1543,8530,343417000,40260,2300,137089000,59604,2160,20334000,9414,6950,100345000,14438
M4H,6780,226144000,33355,2440,44168000,1324,1800,13033000,7241,2410,13354000,5541,4760,56062000,11778,5610,62916000,11215
M4J,17240,1220511000,70795,7140,167706000,2369,10040,105173000,10475,3880,90935000,23437,8370,81979000,9794,10000,105930000,10593
M4K,15360,1189470000,77439,6400,183796000,2373,9730,184917000,19005,4150,142537000,34346,6490,65636000,10113,9450,112858000,11943
M4L,15730,1310349000,83303,5270,152762000,1834,9700,161224000,16621,3670,122541000,33390,6550,67758000,10345,9230,108056000,11707
M4M,12830,1029761000,80262,3690,75286000,938,7420,97349000,13120,2920,87290000,29894,5950,61842000,10394,7150,77543000,10845
M4N,7340,1563212000,212972,3760,189875000,892,7690,759915000,98819,1850,125116000,67630,1590,15746000,9903,5960,114592000,19227
M4P,13240,967026000,73038,3720,118293000,1620,7220,202450000,28040,2770,72178000,26057,4420,45328000,10255,7000,80098000,11443
M4R,6090,738247000,121223,2110,87322000,720,4840,220050000,45465,1430,100649000,70384,1350,13294000,9847,3970,60387000,15211
M4S,16220,1400264000,86329,4930,185827000,2153,10350,233163000,22528,3180,113362000,35648,4500,45140000,10031,8710,98288000,11285
M4T,5360,872721000,162821,3240,168028000,1032,5700,464160000,81432,1460,105224000,72071,1170,11318000,9674,4450,91893000,20650
M4V,9310,1368397000,146981,4840,254661000,1733,8540,782144000,91586,2630,142191000,54065,2280,21992000,9646,6860,119639000,17440
M4W,7100,1290654000,181782,3710,191610000,1054,7340,719712000,98053,1990,155887000,78335,1480,14231000,9616,5560,133386000,23990
M4X,10310,513159000,49773,3060,61193000,1229,3330,56285000,16902,2040,37812000,18535,6230,70330000,11289,5750,60182000,10466
M4Y,19040,1188520000,62422,4200,135153000,2165,10130,143252000,14141,3780,65355000,17290,5890,61625000,10463,9350,98944000,10582
M5A,23690,1651788000,69725,6140,148939000,2136,11270,199433000,17696,5110,116398000,22778,12560,138407000,11020,13500,153638000,11381
M5B,8230,491757000,59752,1850,44073000,738,4130,42131000,10201,1510,31922000,21140,3250,35234000,10841,4000,40754000,10189
M5C,2190,334306000,152651,690,29335000,192,1770,139951000,79068,520,31195000,59990,620,6298000,10158,1400,29055000,20754
M5E,6700,730876000,109086,1850,73003000,669,4890,355506000,72701,1190,43087000,36208,1600,15608000,9755,3290,51864000,15764
M5G,5470,320228000,58543,8880,132170000,2258,16310,47996000,2943,820,31071000,37891,13010,126533000,9726,4750,28005000,5896
M5H,2150,388702000,180792,380,20761000,115,1700,124243000,73084,400,26702000,66755,310,3180000,10258,1030,20347000,19754
M5J,9400,969235000,103110,2220,88099000,854,6920,188694000,27268,1700,51094000,30055,1750,17664000,10094,4430,59499000,13431
M5K,90,22766000,252956,80,2946000,12,130,23673000,182100,30,9397000,313233,20,246000,12300,80,2128000,26600
M5L,20,4405000,220250,10,456000,2,30,2822000,94067,0,0,0,0,0,0,20,119000,5950
M5M,12740,1564149000,122775,4940,194229000,1582,11730,511301000,43589,3220,243666000,75673,2800,27369000,9775,9350,133526000,14281
M5N,7940,851707000,107268,3090,116174000,1083,6550,363499000,55496,2330,155232000,66623,2300,23352000,10153,5900,84290000,14286
M5P,9760,1227848000,125804,4490,197728000,1572,8960,651038000,72660,2760,156213000,56599,2410,23539000,9767,7230,115353000,15955
M5R,12230,1403763000,114780,5690,261348000,2277,10490,792373000,75536,3710,180272000,48591,3910,39782000,10174,8700,154916000,17806
M5S,7860,595401000,75751,2640,108018000,1426,5790,236760000,40891,1850,51288000,27723,2260,22107000,9782,4650,65476000,14081
M5T,8790,480449000,54659,3080,54252000,993,4760,66346000,13938,2030,32064000,15795,5280,58076000,10999,5340,55269000,10350
M5V,34020,3057281000,89867,3400,96471000,1073,18740,376618000,20097,5990,147052000,24550,7710,80077000,10386,14380,166635000,11588
M5W,50,5518000,110360,50,1140000,10,50,2284000,45680,20,351000,17550,30,302000,10067,50,367000,7340
M5X,30,5110000,170333,30,4308000,25,50,18299000,365980,10,3427000,342700,0,0,0,0,0,0
M6A,11380,520520000,45740,4100,85246000,1864,4770,132478000,27773,2090,26346000,12606,6240,64409000,10322,7050,69098000,9801
M6B,14410,837562000,58124,6240,143507000,2469,8080,221742000,27443,3080,102917000,33415,7420,71559000,9644,9180,89659000,9767
M6C,12210,926934000,75916,4710,129351000,1704,7850,216753000,27612,3120,136233000,43664,5290,53402000,10095,7380,79978000,10837
M6E,19720,923898000,46851,7790,143969000,3073,7930,66575000,8395,3690,51606000,13985,12250,119012000,9715,11030,92996000,8431
M6G,15350,1117552000,72805,6070,167207000,2297,10230,197912000,19346,4290,125670000,29294,6640,65452000,9857,9190,98761000,10747
M6H,23530,1335406000,56753,7730,169204000,2981,12230,156627000,12807,5690,101479000,17835,11960,118812000,9934,13020,117782000,9046
M6J,16960,1400601000,82583,4630,97932000,1186,9940,159081000,16004,4210,119412000,28364,7210,71375000,9899,8970,98895000,11025
M6K,21240,1302041000,61301,4720,77506000,1264,8330,80995000,9723,4540,76346000,16816,11240,123503000,10988,10700,104222000,9740
M6L,10100,418734000,41459,4810,98739000,2382,4580,50297000,10982,1750,17645000,10083,6710,65692000,9790,6460,58505000,9057
M6M,20900,840516000,40216,7890,136243000,3388,6540,36203000,5536,3560,35002000,9832,14310,148021000,10344,12880,112427000,8729
M6N,20080,889405000,44293,8300,152061000,3433,7860,39811000,5065,3810,45649000,11981,13530,136350000,10078,11900,102452000,8609
M6P,21070,1512785000,71798,6690,192317000,2679,11810,167140000,14152,4910,112167000,22845,8440,85175000,10092,11380,114161000,10032
M6R,9910,854952000,86272,2950,84961000,985,6310,134790000,21361,2890,100897000,34912,3520,35030000,9952,5800,63817000,11003
M6S,17230,1604141000,93102,6640,239834000,2576,12090,268699000,22225,3810,147072000,38602,5420,52385000,9665,10450,116895000,11186
M7A,0,0,0,0,0,0,0,0,0,0,0,0,0,0,0,0,0,0
M7Y,0,0,0,0,0,0,0,0,0,0,0,0,0,0,0,0,0,0
M8V,22200,1404938000,63285,8470,235241000,3717,11520,226145000,19631,4760,87967000,18480,10190,105343000,10338,12900,138453000,10733
M8W,12070,736754000,61040,4700,121147000,1985,6470,77540000,11985,2200,38649000,17568,5220,50979000,9766,6390,61367000,9604
M8X,5150,677802000,131612,3320,167977000,1276,5440,278015000,51106,1250,100272000,80218,1100,10127000,9206,4140,85355000,20617
M8Y,11320,853866000,75430,4040,117934000,1563,6500,115078000,17704,2550,73694000,28900,4400,44004000,10001,6530,77185000,11820
M8Z,10100,763389000,75583,3790,110866000,1467,6320,96858000,15326,1810,49304000,27240,3500,32951000,9415,5490,53382000,9723
M9A,18630,1490525000,80007,8460,292714000,3659,12520,544856000,43519,3780,169702000,44895,7020,70674000,10068,11860,152758000,12880
M9B,17890,1193190000,66696,7230,226211000,3392,11220,198632000,17703,3470,74274000,21405,6430,63540000,9882,10570,113109000,10701
M9C,20150,1139601000,56556,9970,300544000,5314,11580,148949000,12863,3810,58748000,15419,8480,82126000,9685,12130,114165000,9412
M9L,6130,231057000,37693,2730,50237000,1333,2560,22276000,8702,1060,8390000,7915,4180,41128000,9839,3840,32559000,8479
M9M,12630,490924000,38870,4190,70799000,1821,3960,27654000,6983,2100,17249000,8214,7720,77748000,10071,7820,69128000,8840
M9N,12870,541793000,42097,4820,93145000,2213,4180,25725000,6154,2520,25837000,10253,8830,92812000,10511,8340,79981000,9590
M9P,9910,543537000,54847,5630,169021000,3082,6310,107123000,16977,2050,34824000,16987,5040,48384000,9600,6710,61230000,9125
M9R,16790,764926000,45558,7840,193794000,4254,7500,76371000,10183,3220,34024000,10566,9650,100457000,10410,10960,102727000,9373
M9V,29750,1015736000,34142,9180,148793000,4358,8220,40683000,4949,4840,32486000,6712,18120,192337000,10615,18060,161705000,8954
M9W,23390,919691000,39320,8400,161400000,4105,8330,112142000,13462,3980,30714000,7717,12630,127729000,10113,13530,128606000,9505
N0A,16400,725607000,44244,12600,366963000,8294,8970,98547000,10986,3030,36292000,11978,9020,78398000,8692,9960,98526000,9892
N0B,44230,2763690000,62485,20260,627580000,10044,27220,646410000,23748,10640,192470000,18089,13600,108270000,7961,22100,217436000,9839
N0C,7690,337945000,43946,4710,124275000,2828,4090,62936000,15388,2430,24479000,10074,4090,33389000,8164,4070,36382000,8939
N0E,17820,845062000,47422,10720,292807000,6174,9360,170608000,18227,4120,50538000,12267,8140,67064000,8239,8990,79954000,8894
N0G,40040,1899867000,47449,22730,572574000,12067,22900,322541000,14085,12920,171396000,13266,19740,152451000,7723,19590,163017000,8321
N0H,23840,1228414000,51527,19270,651000000,12634,16340,263316000,16115,5900,92701000,15712,11660,95519000,8192,15070,177804000,11799
N0J,16990,796746000,46895,7760,184623000,3937,8200,138181000,16851,4290,50432000,11756,7150,56351000,7881,7400,70368000,9509
N0K,12520,573317000,45792,5700,135020000,2949,7620,123423000,16197,4020,52592000,13083,4770,35356000,7412,5650,39939000,7069
N0L,26050,1346228000,51679,14130,388713000,7522,13760,188487000,13698,5800,82717000,14262,11310,91511000,8091,13990,128693000,9199
N0M,34280,1674891000,48859,21130,610167000,12488,21880,385952000,17639,8770,132763000,15138,14520,115181000,7933,18980,153388000,8082
N0N,21070,1139337000,54074,13280,461405000,8533,12310,151563000,12312,4100,49644000,12108,9200,80854000,8788,12170,103259000,8485
N0P,26460,1120545000,42349,16800,443742000,10478,13550,180483000,13320,6830,90352000,13229,14010,113627000,8110,13800,115312000,8356
N0R,27640,1442915000,52204,13010,391543000,7500,12160,146796000,12072,4070,64997000,15970,12000,106252000,8854,15270,132004000,8645
N1A,5860,243950000,41630,4030,102422000,2460,2840,29072000,10237,1030,16867000,16376,3320,27939000,8415,2980,26255000,8810
N1C,2240,151108000,67459,790,28327000,420,1300,19610000,15085,320,5664000,17700,610,5240000,8590,1170,14459000,12358
N1E,23650,1262898000,53399,8790,246960000,4625,9900,119971000,12118,3360,58066000,17282,10040,85378000,8504,11070,94042000,8495
N1G,14940,801454000,53645,6600,257811000,4806,8660,158027000,18248,2240,35982000,16063,5110,44977000,8802,8300,79896000,9626
N1H,21920,1084466000,49474,10190,295483000,5972,10480,162539000,15509,3470,56327000,16233,11210,95427000,8513,11240,103285000,9189
N1K,6530,314905000,48224,1950,45839000,951,2410,21021000,8722,800,11511000,14389,3100,25655000,8276,2950,23980000,8129
N1L,9330,566476000,60716,2370,74401000,1225,4450,81217000,18251,1350,23727000,17576,2730,24846000,9101,4540,43832000,9655
N1M,9570,481361000,50299,4770,141594000,2815,4500,57002000,12667,1420,21129000,14880,3780,30034000,7946,4530,39214000,8657
N1P,4530,240543000,53100,1050,21703000,409,1290,8323000,6452,490,7931000,16186,1790,15477000,8646,1900,15163000,7981
N1R,21380,939936000,43963,10430,246275000,5602,7630,101538000,13308,2570,32279000,12560,12850,113329000,8819,10460,89552000,8561
N1S,10240,552797000,53984,4960,142436000,2638,4360,59808000,13717,1360,26144000,19224,4740,41089000,8669,5060,49217000,9727
N1T,10550,571048000,54128,3140,79335000,1466,4200,60404000,14382,1370,20845000,15215,3960,36782000,9288,5330,53419000,10022
N2A,16730,894811000,53485,6840,183977000,3440,7460,95537000,12807,2360,43248000,18325,7410,68360000,9225,8280,72942000,8809
N2B,9180,434176000,47296,4430,115526000,2443,4110,35354000,8602,1230,16156000,13135,4470,39660000,8872,4390,41182000,9381
N2C,9770,373106000,38189,3640,83968000,2199,2820,38010000,13479,1260,11634000,9233,5420,49221000,9081,4520,37899000,8385
N2E,22470,1018107000,45310,6660,148969000,3288,6850,41519000,6061,2990,35201000,11773,10200,93505000,9167,10080,85688000,8501
N2G,7340,364132000,49609,3300,79899000,1611,3260,30984000,9504,1190,18485000,15534,4170,39195000,9399,3740,31869000,8521
N2H,11630,608716000,52340,4680,121978000,2330,5060,51013000,10082,1730,26425000,15275,5460,47972000,8786,5400,46609000,8631
N2J,9970,521371000,52294,4840,152842000,2923,5660,94160000,16636,1670,30398000,18202,3910,33626000,8600,5170,46014000,8900
N2K,16410,1118623000,68167,5310,164285000,2410,9040,219924000,24328,2390,55347000,23158,4940,43469000,8799,8030,82607000,10287
N2L,18250,867661000,47543,6600,245858000,5171,9440,172704000,18295,2650,45455000,17153,5710,51597000,9036,9250,84490000,9134
N2M,18140,833941000,45972,7290,185321000,4031,6650,88338000,13284,2440,32416000,13285,10250,94974000,9266,8740,74058000,8473
N2N,14680,743973000,50679,5290,143015000,2822,6160,53385000,8666,2010,30052000,14951,5730,52245000,9118,6870,65728000,9567
N2P,14150,790904000,55894,3970,121470000,2173,6030,135619000,22491,2120,23924000,11285,4560,40476000,8876,6760,67087000,9924
N2R,9530,521463000,54718,1410,28703000,525,3270,30976000,9473,1450,21246000,14652,3170,29861000,9420,4290,37647000,8776
N2T,11390,767953000,67423,4060,140736000,2087,6860,118865000,17327,1880,36716000,19530,3080,29059000,9435,6180,62930000,10183
N2V,10520,719688000,68411,2870,80581000,1178,5790,76317000,13181,1620,31892000,19686,2770,25448000,9187,5230,52313000,10002
N2Z,6160,377464000,61277,4190,172187000,2810,4070,50400000,12383,1040,17194000,16533,2110,18015000,8538,3430,52848000,15408
N3A,8890,500285000,56275,4480,152866000,2716,5210,76696000,14721,1410,21863000,15506,2930,24048000,8208,4080,38620000,9466
N3B,6690,364096000,54424,2770,77639000,1427,3750,65487000,17463,1400,29816000,21297,2230,17687000,7931,2840,21709000,7644
N3C,15470,867253000,56060,4870,125044000,2231,5620,76551000,13621,1900,28805000,15161,6010,52551000,8744,6870,63491000,9242
N3E,1180,63377000,53709,180,3722000,69,490,9266000,18910,240,3020000,12583,420,4309000,10260,690,6249000,9057
N3H,13190,583535000,44241,5710,139671000,3157,4560,59003000,12939,1640,21211000,12934,6820,58490000,8576,6310,55920000,8862
N3L,8680,453659000,52265,4350,124107000,2375,4030,54735000,13582,1350,20906000,15486,3590,31584000,8798,4200,41722000,9934
N3P,4620,201957000,43714,2110,50926000,1165,1430,8420000,5888,510,7332000,14376,2330,21741000,9331,2060,20646000,10022
N3R,17590,797715000,45350,11110,315442000,6956,8390,77016000,9179,2260,37946000,16790,9330,82090000,8798,9070,87178000,9612
N3S,12660,496663000,39231,5960,125024000,3187,3670,21182000,5772,1360,14551000,10699,8520,82172000,9645,6360,58554000,9207
N3T,18170,852321000,46908,7800,204557000,4361,6990,111286000,15921,2670,45042000,16870,9150,87900000,9607,9220,89181000,9673
N3V,900,47107000,52341,420,10809000,207,340,3689000,10850,90,1108000,12311,360,3083000,8564,400,4186000,10465
N3W,8340,435899000,52266,3540,109165000,2089,3470,35583000,10254,1260,18191000,14437,3120,28834000,9242,4010,38936000,9710
N3Y,11130,474450000,42628,8240,240378000,5639,5900,73231000,12412,1750,23006000,13146,6550,55399000,8458,5750,49485000,8606
N4B,3980,170327000,42796,2470,61468000,1436,1800,24950000,13861,640,7625000,11914,2460,20111000,8175,2030,20242000,9971
N4G,9830,423588000,43091,7260,202745000,4705,5460,84859000,15542,1600,23785000,14866,5930,45704000,7707,5230,48261000,9228
N4K,13560,576188000,42492,9990,289327000,6809,7510,92693000,12343,2290,36761000,16053,7950,68440000,8609,7610,79418000,10436
N4L,3570,145313000,40704,3360,101289000,2488,2520,34038000,13507,960,12146000,12652,2130,16589000,7788,2340,21099000,9017
N4N,4800,214479000,44683,3730,101772000,2278,2930,31430000,10727,910,13745000,15104,3060,23779000,7771,2620,25181000,9611
N4S,17490,770213000,44037,8920,228064000,5179,6890,91494000,13279,2310,32257000,13964,9670,80332000,8307,8400,80683000,9605
N4T,7320,363320000,49634,3490,105907000,2134,3360,40609000,12086,910,15718000,17273,2990,25923000,8670,3910,34267000,8764
N4V,1630,74175000,45506,870,26542000,583,740,5921000,8001,180,2177000,12094,780,6665000,8545,830,5923000,7136
N4W,6270,289595000,46187,3180,77915000,1687,3500,61342000,17526,1540,27591000,17916,2770,20818000,7516,2750,22508000,8185
N4X,5380,261184000,48547,3190,93589000,1928,3070,53580000,17453,1150,12612000,10967,2100,15685000,7469,2690,25314000,9410
N4Z,1300,63571000,48901,580,16782000,343,580,5766000,9941,150,1787000,11913,610,4793000,7857,560,4433000,7916
N5A,17020,754822000,44349,10260,306498000,6911,9640,138370000,14354,2960,48622000,16426,8590,69099000,8044,9270,82482000,8898
N5C,8510,392895000,46169,3890,102287000,2215,3230,55768000,17266,1150,17370000,15104,4020,34182000,8503,4150,51228000,12344
N5H,7450,307066000,41217,3620,85600000,2077,3260,43605000,13376,1830,31588000,17261,3740,30112000,8051,3310,25206000,7615
N5L,1660,77572000,46730,1550,50906000,1089,1210,19400000,16033,360,6758000,18772,760,5866000,7718,1190,13024000,10945
N5P,10770,467794000,43435,5420,142683000,3285,4110,45990000,11190,1600,24755000,15472,5810,50829000,8749,5630,49030000,8709
N5R,14830,644807000,43480,9220,264877000,6092,6210,48423000,7798,1780,29645000,16654,8050,68217000,8474,8100,66983000,8270
N5V,17790,656585000,36908,6570,153262000,4153,4650,66376000,14274,1920,19002000,9897,9420,87870000,9328,8430,76296000,9051
N5W,12550,491428000,39158,5890,132798000,3391,4010,18296000,4563,1570,19058000,12139,7630,70630000,9257,6500,60554000,9316
N5X,18290,991377000,54203,8160,302097000,5573,10290,148610000,14442,2930,60093000,20510,5760,54120000,9396,10330,95726000,9267
N5Y,18220,696930000,38251,6730,166396000,4350,5230,48058000,9189,2470,30027000,12157,10330,100000000,9681,9120,152870000,16762
N5Z,11400,432472000,37936,5370,113631000,2995,3330,18929000,5684,1360,14307000,10520,7700,74398000,9662,5990,51103000,8531
N6A,6130,349986000,57094,2730,101659000,1781,3410,112622000,33027,1110,38587000,34763,2270,21388000,9422,3570,38623000,10819
N6B,4910,201965000,41133,2190,51311000,1247,1720,21850000,12703,710,11404000,16062,3590,35305000,9834,2810,26263000,9346
N6C,15900,758483000,47703,7760,236946000,4967,7270,95258000,13103,2500,55611000,22244,7350,68799000,9360,8500,80946000,9523
N6E,13000,488252000,37558,6010,138526000,3688,4120,17719000,4301,1890,20781000,10995,7960,79073000,9934,7020,61519000,8763
N6G,23920,1243811000,51999,9610,340025000,6539,13110,244251000,18631,4620,98341000,21286,8050,76840000,9545,14460,134718000,9317
N6H,20760,986225000,47506,10740,367129000,7728,11030,197157000,17875,3850,67521000,17538,8500,75658000,8901,12040,118861000,9872
N6J,12870,538820000,41866,8190,230541000,5507,5890,61120000,10377,1980,32287000,16307,7700,70375000,9140,7350,62364000,8485
N6K,18250,1058416000,57995,11280,434451000,7491,11690,228712000,19565,2970,78903000,26567,6410,58228000,9084,11230,118478000,10550
N6L,2320,112552000,48514,600,13902000,287,840,12319000,14665,500,7657000,15314,970,9740000,10041,1330,12653000,9514
N6M,4360,211529000,48516,1220,32028000,660,1570,18918000,12050,680,7880000,11588,1610,15378000,9552,2130,18533000,8701
N6N,360,18744000,52067,210,5457000,105,250,7083000,28332,110,1453000,13209,150,1174000,7827,200,1316000,6580
N6P,5540,347759000,62772,2590,92284000,1470,3370,81151000,24080,1010,20985000,20777,1660,14707000,8860,3100,29941000,9658
N7A,5760,267110000,46373,5050,151629000,3270,4130,47669000,11542,1120,17097000,15265,2920,23812000,8155,3350,27885000,8324
N7G,9900,456726000,46134,5800,152502000,3306,5110,59052000,11556,1500,24034000,16023,5090,39760000,7811,5020,42153000,8397
N7L,12330,514237000,41706,8610,236722000,5676,5770,55581000,9633,1530,21548000,14084,7460,64793000,8685,6380,58453000,9162
N7M,12250,514218000,41977,7380,201447000,4799,5840,88697000,15188,1970,31709000,16096,7240,66307000,9158,6530,64036000,9806
N7S,14920,754367000,50561,8280,296663000,5867,7470,83753000,11212,1470,27514000,18717,6870,65050000,9469,8100,72787000,8986
N7T,12040,462824000,38441,7750,218638000,5688,4840,50494000,10433,1300,16019000,12322,9000,86495000,9611,6810,63671000,9350
N7V,5850,290601000,49675,4650,173764000,3498,3800,58546000,15407,650,14935000,22977,2800,25934000,9262,3460,38130000,11020
N7W,1060,55990000,52821,1510,58103000,1100,1070,9142000,8544,140,2048000,14629,480,4005000,8344,800,6471000,8089
N7X,590,44948000,76183,440,19449000,255,560,28176000,50314,100,3677000,36770,140,1394000,9957,400,5366000,13415
N8A,5820,235031000,40383,4420,100054000,2478,2560,30064000,11744,910,11020000,12110,4630,39915000,8621,3220,27642000,8584
N8H,14130,574218000,40638,7070,188547000,4640,5700,94159000,16519,1850,30642000,16563,6950,58940000,8481,6410,47717000,7444
N8M,6350,293449000,46212,3320,97605000,2112,2660,20109000,7560,960,11838000,12331,3380,29542000,8740,3380,30437000,9005
N8N,13810,755850000,54732,7820,276445000,5051,7690,164694000,21417,1750,40973000,23413,5740,52786000,9196,8330,79980000,9601
N8P,7460,366997000,49195,4080,142680000,2900,3760,36179000,9622,870,18258000,20986,3350,33293000,9938,4490,37651000,8386
N8R,6760,266999000,39497,3180,90168000,2283,2290,13080000,5712,690,6951000,10074,3940,39913000,10130,3740,30752000,8222
N8S,11600,483888000,41714,7270,227564000,5455,4770,61685000,12932,1210,17952000,14836,6740,63251000,9384,6760,62768000,9285
N8T,8250,286249000,34697,4670,113753000,3278,2520,12349000,4900,860,9353000,10876,6520,64353000,9870,5010,41005000,8185
N8V,0,0,0,0,0,0,0,0,0,0,0,0,0,0,0,0,0,0
N8W,13140,531896000,40479,5920,155976000,3853,4190,27642000,6597,1400,15770000,11264,7840,76898000,9808,7330,59703000,8145
N8X,7750,269611000,34789,3650,83395000,2397,2330,14066000,6037,880,10008000,11373,6120,63967000,10452,4670,40941000,8767
N8Y,9170,351794000,38364,5250,149602000,3900,3310,40064000,12104,970,14007000,14440,6550,65899000,10061,5730,51503000,8988
N9A,9970,312917000,31386,5200,98436000,3136,2780,21382000,7691,1470,15379000,10462,10130,109249000,10785,6810,64849000,9523
N9B,10660,318532000,29881,3000,66013000,2209,2610,16371000,6272,1440,10194000,7079,5550,59477000,10717,5670,48407000,8537
N9C,6130,175133000,28570,2240,48498000,1698,1280,4052000,3166,700,5522000,7889,4170,42974000,10306,3440,29717000,8639
N9E,11260,567102000,50364,5490,183148000,3636,5790,67240000,11613,1600,27917000,17448,4950,49636000,10027,6650,62146000,9345
N9G,10710,555038000,51824,4290,135693000,2618,5400,56138000,10396,1510,24677000,16342,4390,43434000,9894,6500,59869000,9211
N9H,6700,399807000,59673,3650,125851000,2109,4240,68234000,16093,860,22828000,26544,2620,24178000,9228,4070,41755000,10259
N9J,11760,706121000,60044,5030,165658000,2759,5740,69825000,12165,1250,33007000,26406,4540,42140000,9282,6180,56984000,9221
N9K,1590,93452000,58775,570,16473000,280,780,9168000,11754,200,3470000,17350,640,6265000,9789,920,8584000,9330
N9V,11680,592789000,50752,6600,204488000,4029,5370,64811000,12069,1420,24501000,17254,5600,50138000,8953,6440,62967000,9777
N9Y,7900,402226000,50915,4970,163660000,3214,4090,64506000,15772,1260,23405000,18575,3540,28904000,8165,4340,41404000,9540
P0A,7190,268163000,37297,6860,179985000,4826,4310,51428000,11932,1660,19265000,11605,5390,46694000,8663,4580,45688000,9976
P0B,4420,200405000,45340,2950,94444000,2083,2620,70178000,26785,1150,26307000,22876,2130,17241000,8094,2640,23809000,9019
P0C,1720,71146000,41364,1470,44421000,1074,1110,27149000,24459,390,9265000,23756,990,8046000,8127,1140,12468000,10937
P0E,1600,70258000,43911,1150,33779000,769,850,15236000,17925,330,4580000,13879,890,7910000,8888,930,8904000,9574
P0G,1350,63421000,46979,1270,37278000,794,910,18822000,20684,280,4953000,17689,880,7717000,8769,860,9130000,10616
P0H,15360,706588000,46002,11190,293173000,6373,6870,63537000,9248,2870,32476000,11316,9430,86607000,9184,7740,77585000,10024
P0J,9940,481804000,48471,6760,165479000,3414,5140,44577000,8673,1720,23406000,13608,6230,53826000,8640,4300,39738000,9241
P0K,5080,265993000,52361,3920,105895000,2022,2240,13598000,6071,690,6049000,8767,3120,29779000,9545,2540,29578000,11645
P0L,9440,460319000,48763,6250,144821000,2970,4180,34828000,8332,1070,16729000,15635,6770,61571000,9095,4820,46961000,9743
P0M,26030,1312955000,50440,15940,444647000,8815,10680,76993000,7209,2390,24303000,10169,13720,127534000,9295,12260,102175000,8334
P0N,4960,276128000,55671,2320,59747000,1073,1760,12498000,7101,400,4753000,11883,2450,24299000,9918,2060,21373000,10375
P0P,6720,260938000,38830,6550,168790000,4347,3590,35594000,9915,1430,13649000,9545,5600,51040000,9114,4390,42794000,9748
P0R,5440,227761000,41868,5100,138556000,3309,2850,23761000,8337,1150,12036000,10466,3780,34546000,9139,3000,29049000,9683
P0S,5230,246657000,47162,3310,87395000,1853,1940,14174000,7306,690,6317000,9155,2990,29236000,9778,2400,22187000,9245
P0T,14070,687352000,48852,9530,249426000,5106,5950,40680000,6837,1640,16386000,9991,8550,81400000,9520,7030,83273000,11845
P0V,5060,263939000,52162,2960,62691000,1202,2030,16532000,8144,520,5209000,10017,3870,36745000,9495,2450,30076000,12276
P0W,2730,128033000,46899,1800,45240000,965,1280,14200000,11094,800,7567000,9459,1550,13262000,8556,1330,11300000,8496
P0X,2390,111886000,46814,2060,62879000,1343,1540,22037000,14310,390,5982000,15338,1560,14305000,9170,1640,14357000,8754
P0Y,20,456000,22800,40,1503000,66,0,0,0,0,0,0,10,129000,12900,20,133000,6650
P1A,8180,352800000,43130,5230,161795000,3751,3430,30254000,8820,920,13831000,15034,4650,45080000,9695,4080,40121000,9834
P1B,15920,674923000,42395,9830,282943000,6674,6540,61493000,9403,2020,33076000,16374,9730,93939000,9655,7980,74335000,9315
P1C,1930,134332000,69602,850,36637000,526,1070,28501000,26636,260,11132000,42815,410,3983000,9715,920,8624000,9374
P1H,8400,354518000,42205,5970,184925000,4382,5100,95404000,18707,1840,36130000,19636,4470,37398000,8366,5170,50369000,9743
P1L,8560,378881000,44262,6110,194878000,4403,4800,76954000,16032,1660,35573000,21430,4220,35093000,8316,4830,46645000,9657
P1P,4340,167923000,38692,3800,113970000,2946,2410,40663000,16873,800,11999000,14999,2880,25112000,8719,2640,25311000,9588
P2A,6330,262146000,41413,4970,143715000,3470,3630,54111000,14907,1100,23734000,21576,3760,31902000,8485,3540,30739000,8683
P2B,4260,182499000,42840,3630,93434000,2181,2040,20281000,9942,480,6832000,14233,3300,31608000,9578,2260,20266000,8967
P2N,3200,172999000,54062,2100,51335000,950,1210,9409000,7776,270,3419000,12663,2130,20271000,9517,1560,14983000,9604
P3A,12700,590267000,46478,7560,254406000,5474,6040,54371000,9002,1230,21712000,17652,5920,54255000,9165,6430,51449000,8001
P3B,8200,376561000,45922,4020,112410000,2448,3210,33265000,10363,740,12563000,16977,4840,47084000,9728,4220,36822000,8726
P3C,7980,287755000,36060,3800,91237000,2530,2500,18140000,7256,780,9278000,11895,6020,60268000,10011,4300,38391000,8928
P3E,14310,820601000,57345,8660,314819000,5490,8540,194653000,22793,1640,43447000,26492,5820,53575000,9205,8070,73169000,9067
P3G,2300,152672000,66379,1220,43254000,652,1350,42539000,31510,270,5518000,20437,710,6450000,9085,1180,12239000,10372
P3L,4620,252092000,54565,1910,55918000,1025,1630,19863000,12186,350,5657000,16163,1900,17432000,9175,2060,16913000,8210
P3N,4480,252293000,56315,2240,63493000,1127,1740,11279000,6482,360,5756000,15989,1960,18312000,9343,1900,15707000,8267
P3P,8800,493974000,56133,3980,115479000,2057,3170,19333000,6099,710,8204000,11555,3590,32153000,8956,3640,28901000,7940
P3Y,4340,258324000,59522,2230,77730000,1306,1860,22087000,11875,340,5695000,16750,1400,12724000,9089,2020,15910000,7876
P4N,12850,636192000,49509,7070,172237000,3479,5200,57073000,10976,1100,27598000,25089,7440,70576000,9486,5650,59309000,10497
P4P,1810,103434000,57146,730,20001000,350,650,8473000,13035,150,2562000,17080,790,7682000,9724,750,7628000,10171
P4R,2700,165142000,61164,1070,26079000,426,1150,19974000,17369,280,4044000,14443,1100,10086000,9169,1110,12110000,10910
P5A,3750,138430000,36915,5700,139360000,3775,2110,14220000,6739,390,6167000,15813,4440,39550000,8908,2590,24335000,9396
P5E,2670,121197000,45392,1980,60023000,1322,1160,7809000,6732,220,3236000,14709,1410,12609000,8943,1240,10033000,8091
P5N,4250,195263000,45944,2910,78736000,1714,1630,16450000,10092,390,10209000,26177,2480,22361000,9017,1770,15707000,8874
P6A,17410,785969000,45145,11270,351375000,7783,7610,118650000,15591,1620,28496000,17590,9610,94471000,9830,8940,97457000,10901
P6B,11550,472592000,40917,8030,247703000,6054,5380,59063000,10978,1080,16887000,15636,6580,62083000,9435,5820,53564000,9203
P6C,10130,405850000,40064,6030,153291000,3826,3420,17091000,4997,680,7138000,10497,6040,60211000,9969,4620,44406000,9612
P7A,13750,636944000,46323,9110,284831000,6149,6240,56503000,9055,1360,21803000,16032,7360,68554000,9314,7110,62674000,8815
P7B,11080,503995000,45487,6450,208537000,4585,5390,74499000,13822,1180,22347000,18938,5960,55294000,9278,5960,52139000,8748
P7C,10420,436723000,41912,6170,185341000,4422,4240,31713000,7479,940,13124000,13962,5960,56698000,9513,5290,45644000,8628
P7E,10090,430304000,42647,6190,182964000,4290,3760,26450000,7035,840,11520000,13714,5990,56025000,9353,5120,43102000,8418
P7G,7020,403018000,57410,3510,115540000,2013,3650,54537000,14942,750,17517000,23356,2560,24745000,9666,3460,33788000,9765
P7J,2370,139638000,58919,1330,46195000,784,1220,18697000,15325,270,5236000,19393,940,9064000,9643,1340,13994000,10443
P7K,3570,208377000,58369,2270,78144000,1339,2040,36315000,17801,380,8747000,23018,1250,11342000,9074,1800,15683000,8713
P7L,1050,55232000,52602,650,19320000,367,450,6145000,13656,180,2757000,15317,520,4910000,9442,470,3980000,8468
P8N,5690,272501000,47891,3440,101131000,2112,2320,23572000,10160,600,8911000,14852,2570,23550000,9163,2730,22125000,8104
P8T,2650,144676000,54595,1020,29526000,541,990,16224000,16388,280,8964000,32014,920,9397000,10214,1070,8439000,7887
P9A,4750,236635000,49818,3100,97593000,1959,2080,30251000,14544,560,8063000,14398,2270,20218000,8907,2260,19040000,8425
P9N,7030,343170000,48815,4160,131210000,2688,3410,35756000,10486,860,18878000,21951,3160,28708000,9085,3330,28519000,8564
